delay_bars,arm,exit,cost,period,cagr,max_drawdown,sharpe,active_days,active_win_rate,trade_rows,paired_days,selected_mean,control_mean,selected_minus_control,selected_win_fraction,pnl_corr
0,SELECTED_SUPPORT,OPEN,BASE,all,-0.33893191850801463,-0.8896161068688866,-1.910032622115392,186.0,0.3333333333333333,280.0,,,,,,
0,SELECTED_SUPPORT,OPEN,BASE,development_2021_2023,-0.4735603655132622,-0.8195045949868762,-3.3665980848366424,95.0,0.22105263157894736,140.0,,,,,,
0,SELECTED_SUPPORT,OPEN,BASE,oos_2024_2026,-0.16395016349944436,-0.45945293153111755,-0.6830007137283928,91.0,0.45054945054945056,140.0,,,,,,
0,SELECTED_SUPPORT,OPEN,CONSERVATIVE,all,-0.36469488226060387,-0.9081407334018275,-2.085778788117583,186.0,0.3279569892473118,280.0,,,,,,
0,SELECTED_SUPPORT,OPEN,CONSERVATIVE,development_2021_2023,-0.4941655054425983,-0.8370569613757793,-3.5227072111389965,95.0,0.22105263157894736,140.0,,,,,,
0,SELECTED_SUPPORT,OPEN,CONSERVATIVE,oos_2024_2026,-0.1965246464796695,-0.4928634834850366,-0.8582763416807746,91.0,0.43956043956043955,140.0,,,,,,
0,SELECTED_SUPPORT,10:00,BASE,all,-0.1390170418194442,-0.582734305411569,-0.42004171903043086,186.0,0.42473118279569894,280.0,,,,,,
0,SELECTED_SUPPORT,10:00,BASE,development_2021_2023,-0.21580422488733786,-0.5333081452381419,-0.8705972191936564,95.0,0.4,140.0,,,,,,
0,SELECTED_SUPPORT,10:00,BASE,oos_2024_2026,-0.05186647263324695,-0.45902581882237503,-0.03107501310550524,91.0,0.45054945054945056,140.0,,,,,,
0,SELECTED_SUPPORT,10:00,CONSERVATIVE,all,-0.17257103325273315,-0.6547933035838058,-0.5677935963340084,186.0,0.42473118279569894,280.0,,,,,,
0,SELECTED_SUPPORT,10:00,CONSERVATIVE,development_2021_2023,-0.24649808344140534,-0.57729916206764,-1.0307964635507163,95.0,0.4,140.0,,,,,,
0,SELECTED_SUPPORT,10:00,CONSERVATIVE,oos_2024_2026,-0.08880800183617432,-0.49376711594000566,-0.16772159555312938,91.0,0.45054945054945056,140.0,,,,,,
0,CONTROL_UNSUPPORTED,OPEN,BASE,all,-0.4885698244294383,-0.9731120515710187,-2.1245814808130103,336.0,0.3630952380952381,459.0,,,,,,
0,CONTROL_UNSUPPORTED,OPEN,BASE,development_2021_2023,-0.553797719950347,-0.8790266721084137,-2.722545669124613,195.0,0.3487179487179487,255.0,,,,,,
0,CONTROL_UNSUPPORTED,OPEN,BASE,oos_2024_2026,-0.41238425640201926,-0.7777365564988196,-1.5632123130839861,141.0,0.3829787234042553,204.0,,,,,,
0,CONTROL_UNSUPPORTED,OPEN,CONSERVATIVE,all,-0.5240075948560825,-0.98115278300298,-2.3553458748924867,336.0,0.3482142857142857,459.0,,,,,,
0,CONTROL_UNSUPPORTED,OPEN,CONSERVATIVE,development_2021_2023,-0.5889081375516527,-0.9023821407496189,-2.9920120958724716,195.0,0.3384615384615385,255.0,,,,,,
0,CONTROL_UNSUPPORTED,OPEN,CONSERVATIVE,oos_2024_2026,-0.44747680350791774,-0.8069285974743768,-1.755871698982953,141.0,0.3617021276595745,204.0,,,,,,
0,CONTROL_UNSUPPORTED,10:00,BASE,all,-0.4531968356343101,-0.9724390803822858,-1.3260817482847742,336.0,0.4226190476190476,459.0,,,,,,
0,CONTROL_UNSUPPORTED,10:00,BASE,development_2021_2023,-0.5258303641027182,-0.8581616346311747,-1.6131838913182106,195.0,0.4,255.0,,,,,,
0,CONTROL_UNSUPPORTED,10:00,BASE,oos_2024_2026,-0.36757285738829726,-0.8064571701317278,-1.0062050077217481,141.0,0.45390070921985815,204.0,,,,,,
0,CONTROL_UNSUPPORTED,10:00,CONSERVATIVE,all,-0.4910856539578202,-0.9803812397665704,-1.5046895389577175,336.0,0.4107142857142857,459.0,,,,,,
0,CONTROL_UNSUPPORTED,10:00,CONSERVATIVE,development_2021_2023,-0.563141455225695,-0.8855453691471018,-1.8086801155200667,195.0,0.38974358974358975,255.0,,,,,,
0,CONTROL_UNSUPPORTED,10:00,CONSERVATIVE,oos_2024_2026,-0.4053415515305936,-0.8287034975458527,-1.1659269635727914,141.0,0.4397163120567376,204.0,,,,,,
0,PAIRED_SELECTED_MINUS_CONTROL,OPEN,BASE,all,,,,,,,64.0,-0.010365936698160017,-0.00771884432362504,-0.0026470923745349774,0.46875,0.40009524252807677
0,PAIRED_SELECTED_MINUS_CONTROL,OPEN,BASE,development_2021_2023,,,,,,,35.0,-0.017509001723618668,-0.009434501909175162,-0.008074499814443508,0.4857142857142857,0.42747414967990766
0,PAIRED_SELECTED_MINUS_CONTROL,OPEN,BASE,oos_2024_2026,,,,,,,29.0,-0.001744996150192674,-0.005648223099685234,0.0039032269494925585,0.4482758620689655,0.38781498510966805
0,PAIRED_SELECTED_MINUS_CONTROL,OPEN,CONSERVATIVE,all,,,,,,,64.0,-0.011453974427703986,-0.008809792432112294,-0.002644181995591694,0.46875,0.4000952952081926
0,PAIRED_SELECTED_MINUS_CONTROL,OPEN,CONSERVATIVE,development_2021_2023,,,,,,,35.0,-0.0185891973591919,-0.01052357501993579,-0.008065622339256113,0.4857142857142857,0.42747414967990927
0,PAIRED_SELECTED_MINUS_CONTROL,OPEN,CONSERVATIVE,oos_2024_2026,,,,,,,29.0,-0.0028424984759082275,-0.006741434136463246,0.0038989356605550205,0.4482758620689655,0.38781498510966805
0,PAIRED_SELECTED_MINUS_CONTROL,10:00,BASE,all,,,,,,,64.0,-0.008602791660677511,-0.00839903841257783,-0.00020375324809968065,0.453125,0.5171935333264055
0,PAIRED_SELECTED_MINUS_CONTROL,10:00,BASE,development_2021_2023,,,,,,,35.0,-0.01640856286742578,-0.009740653829646279,-0.006667909037779499,0.4,0.573423347276828
0,PAIRED_SELECTED_MINUS_CONTROL,10:00,BASE,oos_2024_2026,,,,,,,29.0,0.0008179666922945373,-0.006779847391977978,0.007597814084272516,0.5172413793103449,0.49756918975625924
0,PAIRED_SELECTED_MINUS_CONTROL,10:00,CONSERVATIVE,all,,,,,,,64.0,-0.009692767843627501,-0.009489238697338625,-0.00020352914628887601,0.453125,0.5171935570321378
0,PAIRED_SELECTED_MINUS_CONTROL,10:00,CONSERVATIVE,development_2021_2023,,,,,,,35.0,-0.017489968375915658,-0.01082939034295316,-0.006660578032962498,0.4,0.573423347276828
0,PAIRED_SELECTED_MINUS_CONTROL,10:00,CONSERVATIVE,oos_2024_2026,,,,,,,29.0,-0.0002823534081073119,-0.007871814297459015,0.007589460889351702,0.5172413793103449,0.4975691897562583
1,SELECTED_SUPPORT,OPEN,BASE,all,-0.2744045291355488,-0.8297465792574955,-1.4834685792369293,180.0,0.38333333333333336,272.0,,,,,,
1,SELECTED_SUPPORT,OPEN,BASE,development_2021_2023,-0.42021329489589654,-0.7650689925749575,-2.851044043284765,93.0,0.2903225806451613,138.0,,,,,,
1,SELECTED_SUPPORT,OPEN,BASE,oos_2024_2026,-0.0851971013568742,-0.37147383570425485,-0.29495685419752943,87.0,0.4827586206896552,134.0,,,,,,
1,SELECTED_SUPPORT,OPEN,CONSERVATIVE,all,-0.3017874991109005,-0.8570661823429002,-1.662532813639894,180.0,0.3611111111111111,272.0,,,,,,
1,SELECTED_SUPPORT,OPEN,CONSERVATIVE,development_2021_2023,-0.4424380053016098,-0.7874478649191259,-3.018848330686271,93.0,0.26881720430107525,138.0,,,,,,
1,SELECTED_SUPPORT,OPEN,CONSERVATIVE,oos_2024_2026,-0.11930285354523473,-0.407070029045123,-0.468821332873787,87.0,0.45977011494252873,134.0,,,,,,
1,SELECTED_SUPPORT,10:00,BASE,all,-0.10226848771709218,-0.5597592017609505,-0.2674335746293169,180.0,0.4222222222222222,272.0,,,,,,
1,SELECTED_SUPPORT,10:00,BASE,development_2021_2023,-0.19906852450876744,-0.5470464260736387,-0.7851761797970371,93.0,0.3978494623655914,138.0,,,,,,
1,SELECTED_SUPPORT,10:00,BASE,oos_2024_2026,0.010259224245941612,-0.37524096439122534,0.18478717401616168,87.0,0.4482758620689655,134.0,,,,,,
1,SELECTED_SUPPORT,10:00,CONSERVATIVE,all,-0.1361476339271459,-0.613775987293983,-0.4115204757935775,180.0,0.4111111111111111,272.0,,,,,,
1,SELECTED_SUPPORT,10:00,CONSERVATIVE,development_2021_2023,-0.229770280759658,-0.5703430058558787,-0.9425915742328856,93.0,0.3870967741935484,138.0,,,,,,
1,SELECTED_SUPPORT,10:00,CONSERVATIVE,oos_2024_2026,-0.02740533803216516,-0.40802477927333414,0.05308382695431862,87.0,0.4367816091954023,134.0,,,,,,
1,CONTROL_UNSUPPORTED,OPEN,BASE,all,-0.42079738833827607,-0.9521675859452597,-1.7786488219074943,304.0,0.41776315789473684,412.0,,,,,,
1,CONTROL_UNSUPPORTED,OPEN,BASE,development_2021_2023,-0.48966796607862006,-0.8334638932547406,-2.3811498258176935,175.0,0.4057142857142857,234.0,,,,,,
1,CONTROL_UNSUPPORTED,OPEN,BASE,oos_2024_2026,-0.3409348895131009,-0.7217827696448261,-1.229982443983058,129.0,0.43410852713178294,178.0,,,,,,
1,CONTROL_UNSUPPORTED,OPEN,CONSERVATIVE,all,-0.4572319052857138,-0.9643020770941769,-1.9977324224949062,304.0,0.3980263157894737,412.0,,,,,,
1,CONTROL_UNSUPPORTED,OPEN,CONSERVATIVE,development_2021_2023,-0.5258557685433611,-0.8608010946129637,-2.6380067029884824,175.0,0.38857142857142857,234.0,,,,,,
1,CONTROL_UNSUPPORTED,OPEN,CONSERVATIVE,oos_2024_2026,-0.3770382146279363,-0.7482843993007662,-1.4127099459957797,129.0,0.4108527131782946,178.0,,,,,,
1,CONTROL_UNSUPPORTED,10:00,BASE,all,-0.37896838845564107,-0.9523415605493348,-1.0274455120267894,304.0,0.4440789473684211,412.0,,,,,,
1,CONTROL_UNSUPPORTED,10:00,BASE,development_2021_2023,-0.4764468319363684,-0.816171817569534,-1.4739468756621539,175.0,0.4228571428571429,234.0,,,,,,
1,CONTROL_UNSUPPORTED,10:00,BASE,oos_2024_2026,-0.2599368968528869,-0.7407446517690931,-0.5671134726082175,129.0,0.4728682170542636,178.0,,,,,,
1,CONTROL_UNSUPPORTED,10:00,CONSERVATIVE,all,-0.4180341425115337,-0.9642357485004156,-1.1930621139687136,304.0,0.4342105263157895,412.0,,,,,,
1,CONTROL_UNSUPPORTED,10:00,CONSERVATIVE,development_2021_2023,-0.5135721491148604,-0.8483624947704779,-1.659622595012139,175.0,0.4114285714285714,234.0,,,,,,
1,CONTROL_UNSUPPORTED,10:00,CONSERVATIVE,oos_2024_2026,-0.30047725985082274,-0.7641464000251729,-0.7112643271770722,129.0,0.46511627906976744,178.0,,,,,,
1,PAIRED_SELECTED_MINUS_CONTROL,OPEN,BASE,all,,,,,,,61.0,-0.005216682375067771,-0.0004424021236939444,-0.004774280251373828,0.4262295081967213,0.43493886846055824
1,PAIRED_SELECTED_MINUS_CONTROL,OPEN,BASE,development_2021_2023,,,,,,,34.0,-0.01071617956758892,-0.004868800531845011,-0.0058473790357439085,0.4117647058823529,0.19397823688798851
1,PAIRED_SELECTED_MINUS_CONTROL,OPEN,BASE,oos_2024_2026,,,,,,,27.0,0.0017086103858847854,0.005131581056940732,-0.003422970671055947,0.4444444444444444,0.5029021263434307
1,PAIRED_SELECTED_MINUS_CONTROL,OPEN,CONSERVATIVE,all,,,,,,,61.0,-0.0063103812412789685,-0.0015413500150187791,-0.00476903122626019,0.4262295081967213,0.43493892144344964
1,PAIRED_SELECTED_MINUS_CONTROL,OPEN,CONSERVATIVE,development_2021_2023,,,,,,,34.0,-0.011803842801068824,-0.005962892642730417,-0.005840950158338409,0.4117647058823529,0.19397826275230365
1,PAIRED_SELECTED_MINUS_CONTROL,OPEN,CONSERVATIVE,oos_2024_2026,,,,,,,27.0,0.0006073110932712213,0.004026518479136619,-0.0034192073858653953,0.4444444444444444,0.5029021263434302
1,PAIRED_SELECTED_MINUS_CONTROL,10:00,BASE,all,,,,,,,61.0,0.0010053295558559326,-0.0028903253778393306,0.0038956549336952627,0.4918032786885246,0.41481097509447823
1,PAIRED_SELECTED_MINUS_CONTROL,10:00,BASE,development_2021_2023,,,,,,,34.0,-0.004382988861326714,-0.005378953701031907,0.000995964839705192,0.4411764705882353,0.3102735257594072
1,PAIRED_SELECTED_MINUS_CONTROL,10:00,BASE,oos_2024_2026,,,,,,,27.0,0.007790619414530376,0.00024350288099576848,0.0075471165335346075,0.5555555555555556,0.4700315882495141
1,PAIRED_SELECTED_MINUS_CONTROL,10:00,CONSERVATIVE,all,,,,,,,61.0,-9.520999266972968e-05,-0.0039865819746250745,0.0038913719819553454,0.4918032786885246,0.41481100362272
1,PAIRED_SELECTED_MINUS_CONTROL,10:00,CONSERVATIVE,development_2021_2023,,,,,,,34.0,-0.005477615067281589,-0.006472484944700985,0.0009948698774193947,0.4411764705882353,0.3102735350289464
1,PAIRED_SELECTED_MINUS_CONTROL,10:00,CONSERVATIVE,oos_2024_2026,,,,,,,27.0,0.006682633434619274,-0.0008561856419368947,0.007538819076556172,0.5555555555555556,0.470031588249515
