a,b,n_dates,mean_corr,mean_abs_corr,median_abs_corr,p90_abs_corr
BASE,LOW_VOL10,181,-0.21734010741495352,0.2373637978646106,0.2482168774621606,0.3966803250225709
BASE,PULLBACK5,181,-0.20079857851292804,0.21143665861541686,0.2085877640599088,0.3838633202061168
BASE,TREND_EFF20,181,0.5192529578753722,0.5192529578753722,0.5161553546874648,0.7762265932336748
BASE,TURNOVER_SWEET,181,0.1672264411486613,0.18063443515694727,0.17249740374925757,0.33264785805742086
BASE,LOW_ABS_GAP1,181,-0.10248202567450435,0.1338730048614559,0.12181103518538064,0.2624568572602164
BASE,HIGH_CLOSE_LOC1,181,0.024548877132490973,0.10711002444641601,0.09183992247320673,0.22066742350876511
BASE,LOW_UPPER_SHADOW1,181,-0.1473913547775526,0.16132428170962448,0.14486282194848824,0.31461488618167494
BASE,LOW_AMPLITUDE1,181,-0.2430203393817093,0.24652966182743702,0.24958695342543805,0.3950270175284452
BASE,LOW_TURNOVER_ACCEL5,181,0.013861081951543444,0.09444436141577156,0.08567032273337014,0.18453379018735883
BASE,HIGH_LIQUIDITY,181,0.21168323796031605,0.2170703585564837,0.21390163234823434,0.3553302611367126
BASE,SMALLER_FLOAT_CAP,181,-0.0873606614836486,0.10895404189704427,0.09816179761869234,0.20745288406624796
BASE,LOW_GAP_VOL10,181,-0.18361545232706336,0.19225232385958055,0.1751413634908781,0.3456334293821833
LOW_VOL10,PULLBACK5,181,0.27054396595526115,0.27850502606482247,0.26046031108305123,0.4753526858383075
LOW_VOL10,TREND_EFF20,181,0.15284796575908066,0.2127676353481714,0.18089680589680593,0.4229211541189976
LOW_VOL10,TURNOVER_SWEET,181,-0.41216231211623944,0.4128155249350747,0.4263543240431611,0.5751586472855958
LOW_VOL10,LOW_ABS_GAP1,181,0.2177611644250167,0.22262931910405942,0.22141818619625178,0.3602248073020436
LOW_VOL10,HIGH_CLOSE_LOC1,181,0.008124962339112245,0.1220905651269796,0.10468209410450695,0.2490718686465356
LOW_VOL10,LOW_UPPER_SHADOW1,181,0.20919130031162894,0.21844958694528152,0.22172787525182627,0.39180621350458006
LOW_VOL10,LOW_AMPLITUDE1,181,0.47304883151593535,0.47304883151593535,0.48271317488907417,0.6409082585607031
LOW_VOL10,LOW_TURNOVER_ACCEL5,181,0.05855622205328606,0.11462275345313402,0.10246204783205948,0.22660482374768084
LOW_VOL10,HIGH_LIQUIDITY,181,-0.3845689749937638,0.3845689749937638,0.38097964519982846,0.5717196752944307
LOW_VOL10,SMALLER_FLOAT_CAP,181,0.0699983920925344,0.1426343743045776,0.12043427751392352,0.2978436657681943
LOW_VOL10,LOW_GAP_VOL10,181,0.48134568739188965,0.48134568739188965,0.486830553116769,0.6179545754074593
PULLBACK5,TREND_EFF20,181,-0.2012136175493354,0.2152429509634136,0.20707947107147567,0.3768097992946545
PULLBACK5,TURNOVER_SWEET,181,-0.3134420272335788,0.3162060292649374,0.3204743781162962,0.47987877224084136
PULLBACK5,LOW_ABS_GAP1,181,0.1276572885333851,0.153632038537016,0.13171253447065642,0.3123848085127323
PULLBACK5,HIGH_CLOSE_LOC1,181,-0.23710717151873162,0.2475503967042663,0.24199893843822987,0.4316879983487224
PULLBACK5,LOW_UPPER_SHADOW1,181,0.1669810706865425,0.18842061971818427,0.18025281977707125,0.3602449137942969
PULLBACK5,LOW_AMPLITUDE1,181,0.37135148287847264,0.37437431888477213,0.38504371128585857,0.5573385784047752
PULLBACK5,LOW_TURNOVER_ACCEL5,181,0.12676322180100258,0.16822336819045156,0.14452570330432926,0.3482677062529617
PULLBACK5,HIGH_LIQUIDITY,181,-0.26555582543696266,0.2795702836541961,0.28706854642683516,0.45369790140432353
PULLBACK5,SMALLER_FLOAT_CAP,181,0.011407671768063826,0.13882710581748828,0.11619021812762491,0.28795343948832763
PULLBACK5,LOW_GAP_VOL10,181,0.10466713599525111,0.15176957558907112,0.13261360617702841,0.29208249404870906
TREND_EFF20,TURNOVER_SWEET,181,0.015784130065929,0.12248646151465166,0.1008147444726182,0.23987685027131173
TREND_EFF20,LOW_ABS_GAP1,181,-0.01758258424540326,0.10942315132917335,0.09521011627049643,0.2154502668122242
TREND_EFF20,HIGH_CLOSE_LOC1,181,0.0664902714032913,0.13063876776159852,0.1134756692192547,0.2618527742788005
TREND_EFF20,LOW_UPPER_SHADOW1,181,-0.048698256291471675,0.11584615872380098,0.09983780601085987,0.24394771973897075
TREND_EFF20,LOW_AMPLITUDE1,181,-0.03933415791716006,0.13235589593695024,0.12364989343640509,0.27191951252963426
TREND_EFF20,LOW_TURNOVER_ACCEL5,181,-0.0551855512052829,0.10031963889959981,0.08027161517727555,0.21304530453045317
TREND_EFF20,HIGH_LIQUIDITY,181,0.02136491343521175,0.13217318289320548,0.1143390589992532,0.2753040719196193
TREND_EFF20,SMALLER_FLOAT_CAP,181,-0.0004845786942671003,0.12079949009660192,0.10584536562645547,0.25366273456194116
TREND_EFF20,LOW_GAP_VOL10,181,0.03171879162475784,0.15280612942867589,0.13205574718311888,0.2967269217269219
TURNOVER_SWEET,LOW_ABS_GAP1,181,-0.20865914932604815,0.2144131632078104,0.20949296480178442,0.3786156240818117
TURNOVER_SWEET,HIGH_CLOSE_LOC1,181,0.07671540454705184,0.13440940312236116,0.11193328352682723,0.27998413801306615
TURNOVER_SWEET,LOW_UPPER_SHADOW1,181,-0.23583064281149527,0.2399804170970271,0.23249029976855068,0.41338715452705915
TURNOVER_SWEET,LOW_AMPLITUDE1,181,-0.4886583058530808,0.4886583058530808,0.4908238499857052,0.6327386724161398
TURNOVER_SWEET,LOW_TURNOVER_ACCEL5,181,-0.10064812620872161,0.17253239423945893,0.15829850023147687,0.3422444743597969
TURNOVER_SWEET,HIGH_LIQUIDITY,181,0.4835292632097948,0.4835292632097948,0.49955246565619016,0.6687594366364282
TURNOVER_SWEET,SMALLER_FLOAT_CAP,181,0.2848056234382187,0.2850831708684548,0.28292210534813544,0.45045157150208404
TURNOVER_SWEET,LOW_GAP_VOL10,181,-0.32273911493634705,0.3231485306900259,0.3286993682974867,0.4691329589063707
LOW_ABS_GAP1,HIGH_CLOSE_LOC1,181,0.04940589792747188,0.10337935385363016,0.08872742430069816,0.20564620585115867
LOW_ABS_GAP1,LOW_UPPER_SHADOW1,181,0.1047200493400892,0.13579009070812806,0.11984555059718692,0.25780868913123556
LOW_ABS_GAP1,LOW_AMPLITUDE1,181,0.18380464463100024,0.19132712629616927,0.18796420388320048,0.32603844103969265
LOW_ABS_GAP1,LOW_TURNOVER_ACCEL5,181,0.053666294011108485,0.11233581660427765,0.08850908734150283,0.21322281953837005
LOW_ABS_GAP1,HIGH_LIQUIDITY,181,-0.21882961391821584,0.222450707929772,0.21681381794704518,0.38440394693466207
LOW_ABS_GAP1,SMALLER_FLOAT_CAP,181,0.04762033967227505,0.10064339824709995,0.08574535681400369,0.22640463842341718
LOW_ABS_GAP1,LOW_GAP_VOL10,181,0.3437995462748936,0.3437995462748936,0.3484469650301234,0.5045699229238847
HIGH_CLOSE_LOC1,LOW_UPPER_SHADOW1,181,0.4102391291879637,0.41953339018629177,0.40890131452361583,0.7125024867837508
HIGH_CLOSE_LOC1,LOW_AMPLITUDE1,181,-0.20910533012173316,0.22614339253299437,0.2067713489513171,0.40427688797957717
HIGH_CLOSE_LOC1,LOW_TURNOVER_ACCEL5,181,-0.09255061784889436,0.14923579293501654,0.13026232169853968,0.29335418837025945
HIGH_CLOSE_LOC1,HIGH_LIQUIDITY,181,0.038309086204998954,0.11831544667488066,0.09440749399417671,0.24730831525961786
HIGH_CLOSE_LOC1,SMALLER_FLOAT_CAP,181,0.019802107362490464,0.12585748118785486,0.10787348856549404,0.2667870112466147
HIGH_CLOSE_LOC1,LOW_GAP_VOL10,181,0.07489476615876403,0.12049598152701102,0.0976050170726315,0.23992772994163813
LOW_UPPER_SHADOW1,LOW_AMPLITUDE1,181,0.39721449623707905,0.3976814971027813,0.4116574656986259,0.5714605782566949
LOW_UPPER_SHADOW1,LOW_TURNOVER_ACCEL5,181,0.052480278249685555,0.11198438780107102,0.0870457491301706,0.2509742718501762
LOW_UPPER_SHADOW1,HIGH_LIQUIDITY,181,-0.20919037118023104,0.22429805635211122,0.21372470300887778,0.39165404568308676
LOW_UPPER_SHADOW1,SMALLER_FLOAT_CAP,181,0.015851724996714864,0.10938626381789367,0.09491257708007585,0.22090316624308542
LOW_UPPER_SHADOW1,LOW_GAP_VOL10,181,0.17259599187113486,0.18158546786469307,0.1832060429663561,0.3114359565720211
LOW_AMPLITUDE1,LOW_TURNOVER_ACCEL5,181,0.16132127909437138,0.23140069007260533,0.21050182022199693,0.4389347261960209
LOW_AMPLITUDE1,HIGH_LIQUIDITY,181,-0.421135932033381,0.421135932033381,0.43132401579003526,0.5926959597124511
LOW_AMPLITUDE1,SMALLER_FLOAT_CAP,181,0.04008460367075325,0.13015604979874648,0.10904193920738754,0.26999753442992497
LOW_AMPLITUDE1,LOW_GAP_VOL10,181,0.27251270437595354,0.2735370445379095,0.27636455586461034,0.43108531548212503
LOW_TURNOVER_ACCEL5,HIGH_LIQUIDITY,181,-0.0524100451131008,0.1387857358452224,0.11776786891007344,0.2931581086573636
LOW_TURNOVER_ACCEL5,SMALLER_FLOAT_CAP,181,-0.03961902856500839,0.10740109788189975,0.0922549751790185,0.21404608294930869
LOW_TURNOVER_ACCEL5,LOW_GAP_VOL10,181,-0.004395690661461946,0.09744445912369712,0.07836408030385247,0.2098493309038187
HIGH_LIQUIDITY,SMALLER_FLOAT_CAP,181,-0.6148422131548652,0.6148422131548652,0.6174806960220705,0.7285135703766047
HIGH_LIQUIDITY,LOW_GAP_VOL10,181,-0.37105948807843653,0.37113785047003794,0.3784653365909597,0.5333753180341082
SMALLER_FLOAT_CAP,LOW_GAP_VOL10,181,0.11870548396963831,0.14793712325356845,0.1345869879417489,0.29981488337652723
