panic_variant,sync_bars,delay_bars,arm,exit,cost,period,cagr,max_drawdown,sharpe,active_days,active_win_rate,trade_rows,paired_days,selected_minus_control,selected_mean,control_mean,pnl_corr
DIVERGENCE,1,0,SELECTED_SYNC,OPEN,BASE,all,-0.02165722302745887,-0.24106218815983693,-0.1411065793615375,80.0,0.4375,176.0,,,,,
DIVERGENCE,1,0,SELECTED_SYNC,OPEN,BASE,development_2021_2023,-0.0893908526352869,-0.1988420969100928,-0.7611686494870508,40.0,0.3,84.0,,,,,
DIVERGENCE,1,0,SELECTED_SYNC,OPEN,BASE,oos_2024_2026,0.053134590805614446,-0.10273305136582234,0.538568704605001,40.0,0.575,92.0,,,,,
DIVERGENCE,1,0,SELECTED_SYNC,OPEN,CONSERVATIVE,all,-0.038224674414171766,-0.2706880456268873,-0.2949298047836669,80.0,0.3875,176.0,,,,,
DIVERGENCE,1,0,SELECTED_SYNC,OPEN,CONSERVATIVE,development_2021_2023,-0.10463477524653364,-0.22416492829583412,-0.9023149220363862,40.0,0.275,84.0,,,,,
DIVERGENCE,1,0,SELECTED_SYNC,OPEN,CONSERVATIVE,oos_2024_2026,0.03501440631015118,-0.10863565068076975,0.3781876903408448,40.0,0.5,92.0,,,,,
DIVERGENCE,1,0,SELECTED_SYNC,10:00,BASE,all,-0.0008421059488011862,-0.2594566608888228,0.06931378823742193,80.0,0.5,176.0,,,,,
DIVERGENCE,1,0,SELECTED_SYNC,10:00,BASE,development_2021_2023,-0.14177491591370972,-0.2594566608888228,-1.0692249478025782,40.0,0.375,84.0,,,,,
DIVERGENCE,1,0,SELECTED_SYNC,10:00,BASE,oos_2024_2026,0.16820623446974747,-0.10214063210456725,1.089362553702451,40.0,0.625,92.0,,,,,
DIVERGENCE,1,0,SELECTED_SYNC,10:00,CONSERVATIVE,all,-0.017762044672699262,-0.2905555259600109,-0.04916132309179786,80.0,0.4875,176.0,,,,,
DIVERGENCE,1,0,SELECTED_SYNC,10:00,CONSERVATIVE,development_2021_2023,-0.1561419105817332,-0.2905555259600109,-1.1852187431412156,40.0,0.375,84.0,,,,,
DIVERGENCE,1,0,SELECTED_SYNC,10:00,CONSERVATIVE,oos_2024_2026,0.14810613265735917,-0.1031277573788012,0.9831079337683667,40.0,0.6,92.0,,,,,
DIVERGENCE,1,0,CONTROL_STOCK_ONLY,OPEN,BASE,all,-0.11313296273585638,-0.4815423634940519,-0.8047802147136466,136.0,0.4338235294117647,345.0,,,,,
DIVERGENCE,1,0,CONTROL_STOCK_ONLY,OPEN,BASE,development_2021_2023,-0.15497180038075997,-0.3388645211462328,-1.5776260808065292,73.0,0.3972602739726027,185.0,,,,,
DIVERGENCE,1,0,CONTROL_STOCK_ONLY,OPEN,BASE,oos_2024_2026,-0.06844206770435679,-0.22879149712192626,-0.34344888472771185,63.0,0.47619047619047616,160.0,,,,,
DIVERGENCE,1,0,CONTROL_STOCK_ONLY,OPEN,CONSERVATIVE,all,-0.1385126516327333,-0.5501324022352927,-1.0105720543328025,136.0,0.40441176470588236,345.0,,,,,
DIVERGENCE,1,0,CONTROL_STOCK_ONLY,OPEN,CONSERVATIVE,development_2021_2023,-0.1806099341338664,-0.38920876001733196,-1.8472835350021792,73.0,0.3424657534246575,185.0,,,,,
DIVERGENCE,1,0,CONTROL_STOCK_ONLY,OPEN,CONSERVATIVE,oos_2024_2026,-0.09356152244548421,-0.2634675019611068,-0.5081366639922331,63.0,0.47619047619047616,160.0,,,,,
DIVERGENCE,1,0,CONTROL_STOCK_ONLY,10:00,BASE,all,-0.09628519540654779,-0.4982755353761149,-0.4665139826878301,136.0,0.4117647058823529,345.0,,,,,
DIVERGENCE,1,0,CONTROL_STOCK_ONLY,10:00,BASE,development_2021_2023,-0.21460754897077583,-0.4436812621870615,-1.4792078322218873,73.0,0.3835616438356164,185.0,,,,,
DIVERGENCE,1,0,CONTROL_STOCK_ONLY,10:00,BASE,oos_2024_2026,0.043511721125248926,-0.21323294514075886,0.31355622429302943,63.0,0.4444444444444444,160.0,,,,,
DIVERGENCE,1,0,CONTROL_STOCK_ONLY,10:00,CONSERVATIVE,all,-0.12214702094336982,-0.5515277631695548,-0.6255082562123533,136.0,0.3897058823529412,345.0,,,,,
DIVERGENCE,1,0,CONTROL_STOCK_ONLY,10:00,CONSERVATIVE,development_2021_2023,-0.23843633565178912,-0.48604390089082705,-1.6624482049586935,73.0,0.3561643835616438,185.0,,,,,
DIVERGENCE,1,0,CONTROL_STOCK_ONLY,10:00,CONSERVATIVE,oos_2024_2026,0.015373433057596753,-0.22695921942019437,0.17976502405961786,63.0,0.42857142857142855,160.0,,,,,
DIVERGENCE,1,0,PAIRED_SELECTED_MINUS_CONTROL,OPEN,BASE,all,,,,,,,80.0,-0.003073192040924557,-0.0010058798940768658,0.002067312146847692,0.5685122233385008
DIVERGENCE,1,0,PAIRED_SELECTED_MINUS_CONTROL,OPEN,BASE,development_2021_2023,,,,,,,40.0,-0.005108780771830415,-0.005671247457317817,-0.0005624666854874029,0.6820457083698308
DIVERGENCE,1,0,PAIRED_SELECTED_MINUS_CONTROL,OPEN,BASE,oos_2024_2026,,,,,,,40.0,-0.0010376033100187008,0.0036594876691640847,0.004697090979182785,0.5273972372269299
DIVERGENCE,1,0,PAIRED_SELECTED_MINUS_CONTROL,OPEN,CONSERVATIVE,all,,,,,,,80.0,-0.003069813250584117,-0.002104206650686145,0.000965606599897972,0.5685122536623016
DIVERGENCE,1,0,PAIRED_SELECTED_MINUS_CONTROL,OPEN,CONSERVATIVE,development_2021_2023,,,,,,,40.0,-0.005103163953821879,-0.006764456842838227,-0.0016612928890163462,0.6820456869624049
DIVERGENCE,1,0,PAIRED_SELECTED_MINUS_CONTROL,OPEN,CONSERVATIVE,oos_2024_2026,,,,,,,40.0,-0.0010364625473463535,0.002556043541465937,0.0035925060888122896,0.5273972372269298
DIVERGENCE,1,0,PAIRED_SELECTED_MINUS_CONTROL,10:00,BASE,all,,,,,,,80.0,-0.002176414878867938,0.0006439487982003241,0.002820363677068261,0.67879503803623
DIVERGENCE,1,0,PAIRED_SELECTED_MINUS_CONTROL,10:00,BASE,development_2021_2023,,,,,,,40.0,-0.0042934656021238905,-0.009341545125555786,-0.005048079523431897,0.7381959193893145
DIVERGENCE,1,0,PAIRED_SELECTED_MINUS_CONTROL,10:00,BASE,oos_2024_2026,,,,,,,40.0,-5.9364155611984354e-05,0.010629442721956435,0.01068880687756842,0.6219882548393201
DIVERGENCE,1,0,PAIRED_SELECTED_MINUS_CONTROL,10:00,CONSERVATIVE,all,,,,,,,80.0,-0.0021740220342510823,-0.00045619176447964094,0.0017178302697714413,0.6787950802813946
DIVERGENCE,1,0,PAIRED_SELECTED_MINUS_CONTROL,10:00,CONSERVATIVE,development_2021_2023,,,,,,,40.0,-0.004288745179078238,-0.010430719209582221,-0.006141974030503983,0.7381959145000225
DIVERGENCE,1,0,PAIRED_SELECTED_MINUS_CONTROL,10:00,CONSERVATIVE,oos_2024_2026,,,,,,,40.0,-5.9298889423925474e-05,0.00951833568062294,0.009577634570046867,0.6219882548393203
DIVERGENCE,1,1,SELECTED_SYNC,OPEN,BASE,all,-0.017467199316075988,-0.23977763927014628,-0.10778890881293328,80.0,0.4625,176.0,,,,,
DIVERGENCE,1,1,SELECTED_SYNC,OPEN,BASE,development_2021_2023,-0.07670464794345311,-0.19246908063111856,-0.6564801710084306,40.0,0.325,84.0,,,,,
DIVERGENCE,1,1,SELECTED_SYNC,OPEN,BASE,oos_2024_2026,0.04731828841781405,-0.10527919085053783,0.49657685304510574,40.0,0.6,92.0,,,,,
DIVERGENCE,1,1,SELECTED_SYNC,OPEN,CONSERVATIVE,all,-0.03410560539860896,-0.26239577315718343,-0.26541006317044835,80.0,0.45,176.0,,,,,
DIVERGENCE,1,1,SELECTED_SYNC,OPEN,CONSERVATIVE,development_2021_2023,-0.09216094215574655,-0.21043831980212802,-0.8021249737253603,40.0,0.3,84.0,,,,,
DIVERGENCE,1,1,SELECTED_SYNC,OPEN,CONSERVATIVE,oos_2024_2026,0.029298178949103804,-0.11116504058922883,0.3316458009108357,40.0,0.6,92.0,,,,,
DIVERGENCE,1,1,SELECTED_SYNC,10:00,BASE,all,-0.0010638043607791303,-0.23738433924011437,0.06476356661320382,80.0,0.4875,176.0,,,,,
DIVERGENCE,1,1,SELECTED_SYNC,10:00,BASE,development_2021_2023,-0.12990277145927043,-0.23325823794396405,-0.994978372332166,40.0,0.4,84.0,,,,,
DIVERGENCE,1,1,SELECTED_SYNC,10:00,BASE,oos_2024_2026,0.15130274264444643,-0.09146475029884571,1.0306478846084222,40.0,0.575,92.0,,,,,
DIVERGENCE,1,1,SELECTED_SYNC,10:00,CONSERVATIVE,all,-0.017979988799626145,-0.27501419313079745,-0.05793022149340614,80.0,0.4875,176.0,,,,,
DIVERGENCE,1,1,SELECTED_SYNC,10:00,CONSERVATIVE,development_2021_2023,-0.14446851006899186,-0.2654572968555543,-1.115137539375929,40.0,0.4,84.0,,,,,
DIVERGENCE,1,1,SELECTED_SYNC,10:00,CONSERVATIVE,oos_2024_2026,0.13149348152152496,-0.09246361285971028,0.9189752414088661,40.0,0.575,92.0,,,,,
DIVERGENCE,1,1,CONTROL_STOCK_ONLY,OPEN,BASE,all,-0.11171254201095326,-0.47680169709895925,-0.8044644021095986,136.0,0.40441176470588236,345.0,,,,,
DIVERGENCE,1,1,CONTROL_STOCK_ONLY,OPEN,BASE,development_2021_2023,-0.15392043027316915,-0.3359632582420452,-1.47565308844844,73.0,0.3424657534246575,185.0,,,,,
DIVERGENCE,1,1,CONTROL_STOCK_ONLY,OPEN,BASE,oos_2024_2026,-0.06660117447133862,-0.21209434659302417,-0.35279605406971426,63.0,0.47619047619047616,160.0,,,,,
DIVERGENCE,1,1,CONTROL_STOCK_ONLY,OPEN,CONSERVATIVE,all,-0.13713287943188912,-0.5460189085710155,-1.012731882114262,136.0,0.38235294117647056,345.0,,,,,
DIVERGENCE,1,1,CONTROL_STOCK_ONLY,OPEN,CONSERVATIVE,development_2021_2023,-0.17959046256818845,-0.38652842289514977,-1.7341457526851798,73.0,0.3287671232876712,185.0,,,,,
DIVERGENCE,1,1,CONTROL_STOCK_ONLY,OPEN,CONSERVATIVE,oos_2024_2026,-0.09177026888880568,-0.2599802364578121,-0.5243972924308193,63.0,0.4444444444444444,160.0,,,,,
DIVERGENCE,1,1,CONTROL_STOCK_ONLY,10:00,BASE,all,-0.09482348127567586,-0.5064056075577799,-0.4602123359797915,136.0,0.38235294117647056,345.0,,,,,
DIVERGENCE,1,1,CONTROL_STOCK_ONLY,10:00,BASE,development_2021_2023,-0.21359498103444063,-0.4412611487272845,-1.4090063507173605,73.0,0.3287671232876712,185.0,,,,,
DIVERGENCE,1,1,CONTROL_STOCK_ONLY,10:00,BASE,oos_2024_2026,0.0455590625044795,-0.1902302410063189,0.32665727617645446,63.0,0.4444444444444444,160.0,,,,,
DIVERGENCE,1,1,CONTROL_STOCK_ONLY,10:00,CONSERVATIVE,all,-0.1207271370399613,-0.5511360647463024,-0.6198816691769109,136.0,0.36764705882352944,345.0,,,,,
DIVERGENCE,1,1,CONTROL_STOCK_ONLY,10:00,CONSERVATIVE,development_2021_2023,-0.23745448900049304,-0.4838080745764419,-1.5866829038679298,73.0,0.3150684931506849,185.0,,,,,
DIVERGENCE,1,1,CONTROL_STOCK_ONLY,10:00,CONSERVATIVE,oos_2024_2026,0.01736556788731125,-0.2043578302927419,0.18870946058057778,63.0,0.42857142857142855,160.0,,,,,
DIVERGENCE,1,1,PAIRED_SELECTED_MINUS_CONTROL,OPEN,BASE,all,,,,,,,80.0,-0.002734531439971202,-0.0007505063862500744,0.0019840250537211273,0.5908456909354828
DIVERGENCE,1,1,PAIRED_SELECTED_MINUS_CONTROL,OPEN,BASE,development_2021_2023,,,,,,,40.0,-0.004597391348287037,-0.004788885175711561,-0.0001914938274245246,0.6972829332368852
DIVERGENCE,1,1,PAIRED_SELECTED_MINUS_CONTROL,OPEN,BASE,oos_2024_2026,,,,,,,40.0,-0.0008716715316553672,0.003287872403211414,0.00415954393486678,0.5445439657904863
DIVERGENCE,1,1,PAIRED_SELECTED_MINUS_CONTROL,OPEN,CONSERVATIVE,all,,,,,,,80.0,-0.002731524983200321,-0.001849113914875052,0.000882411068325271,0.59084571312999
DIVERGENCE,1,1,PAIRED_SELECTED_MINUS_CONTROL,OPEN,CONSERVATIVE,development_2021_2023,,,,,,,40.0,-0.004592336768567384,-0.005883064666820395,-0.00129072789825301,0.6972829144247978
DIVERGENCE,1,1,PAIRED_SELECTED_MINUS_CONTROL,OPEN,CONSERVATIVE,oos_2024_2026,,,,,,,40.0,-0.0008707131978332588,0.0021848368370702915,0.0030555500349035507,0.5445439657904863
DIVERGENCE,1,1,PAIRED_SELECTED_MINUS_CONTROL,10:00,BASE,all,,,,,,,80.0,-0.002157365934779075,0.0005809777603378868,0.0027383436951169612,0.6826796890924504
DIVERGENCE,1,1,PAIRED_SELECTED_MINUS_CONTROL,10:00,BASE,development_2021_2023,,,,,,,40.0,-0.0038004922023086537,-0.008477754112213354,-0.004677261909904702,0.7396272379638676
DIVERGENCE,1,1,PAIRED_SELECTED_MINUS_CONTROL,10:00,BASE,oos_2024_2026,,,,,,,40.0,-0.0005142396672494963,0.009639709632889126,0.010153949300138623,0.6270369335711452
DIVERGENCE,1,1,PAIRED_SELECTED_MINUS_CONTROL,10:00,CONSERVATIVE,all,,,,,,,80.0,-0.0021549940357789748,-0.000519093579504874,0.0016359004562741023,0.6826797282035734
DIVERGENCE,1,1,PAIRED_SELECTED_MINUS_CONTROL,10:00,CONSERVATIVE,development_2021_2023,,,,,,,40.0,-0.0037963137701003775,-0.009567877883720644,-0.005771564113620265,0.7396272332566829
DIVERGENCE,1,1,PAIRED_SELECTED_MINUS_CONTROL,10:00,CONSERVATIVE,oos_2024_2026,,,,,,,40.0,-0.0005136743014575729,0.008529690724710895,0.00904336502616847,0.6270369335711451
DIVERGENCE,1,2,SELECTED_SYNC,OPEN,BASE,all,-0.021242598472272833,-0.24549071782586163,-0.14205356676907607,80.0,0.4,175.0,,,,,
DIVERGENCE,1,2,SELECTED_SYNC,OPEN,BASE,development_2021_2023,-0.07590138742450481,-0.19507018015823951,-0.6606022481239454,40.0,0.25,84.0,,,,,
DIVERGENCE,1,2,SELECTED_SYNC,OPEN,BASE,oos_2024_2026,0.03822683309294028,-0.1287551506836977,0.40407480659924594,40.0,0.55,91.0,,,,,
DIVERGENCE,1,2,SELECTED_SYNC,OPEN,CONSERVATIVE,all,-0.0378170711937611,-0.2691806246851638,-0.29857599041468286,80.0,0.3875,175.0,,,,,
DIVERGENCE,1,2,SELECTED_SYNC,OPEN,CONSERVATIVE,development_2021_2023,-0.0913711285049994,-0.21431650855363304,-0.808383793617317,40.0,0.25,84.0,,,,,
DIVERGENCE,1,2,SELECTED_SYNC,OPEN,CONSERVATIVE,oos_2024_2026,0.020363150779179717,-0.1344865656862826,0.24346115826073053,40.0,0.525,91.0,,,,,
DIVERGENCE,1,2,SELECTED_SYNC,10:00,BASE,all,-0.01063228518302306,-0.24854912160170994,-0.0036054727233183173,80.0,0.4875,175.0,,,,,
DIVERGENCE,1,2,SELECTED_SYNC,10:00,BASE,development_2021_2023,-0.12920484789775788,-0.2408727425754067,-0.9960708232614468,40.0,0.375,84.0,,,,,
DIVERGENCE,1,2,SELECTED_SYNC,10:00,BASE,oos_2024_2026,0.12807011074559438,-0.12395971058599409,0.8813644561550241,40.0,0.6,91.0,,,,,
DIVERGENCE,1,2,SELECTED_SYNC,10:00,CONSERVATIVE,all,-0.02738643506241034,-0.285628070035548,-0.12556715710722197,80.0,0.475,175.0,,,,,
DIVERGENCE,1,2,SELECTED_SYNC,10:00,CONSERVATIVE,development_2021_2023,-0.1437822699973622,-0.2727520329608214,-1.1169488005421664,40.0,0.375,84.0,,,,,
DIVERGENCE,1,2,SELECTED_SYNC,10:00,CONSERVATIVE,oos_2024_2026,0.10866058920011934,-0.12972267201016352,0.7696563282046116,40.0,0.575,91.0,,,,,
DIVERGENCE,1,2,CONTROL_STOCK_ONLY,OPEN,BASE,all,-0.11266355520098148,-0.48184893147661056,-0.8304140414835971,136.0,0.3897058823529412,345.0,,,,,
DIVERGENCE,1,2,CONTROL_STOCK_ONLY,OPEN,BASE,development_2021_2023,-0.1547323237195244,-0.3403482222370109,-1.5032903537282967,73.0,0.3287671232876712,185.0,,,,,
DIVERGENCE,1,2,CONTROL_STOCK_ONLY,OPEN,BASE,oos_2024_2026,-0.06771132148282577,-0.214508190547832,-0.3719385864539578,63.0,0.4603174603174603,160.0,,,,,
DIVERGENCE,1,2,CONTROL_STOCK_ONLY,OPEN,CONSERVATIVE,all,-0.1380566772470232,-0.5503984124011272,-1.0422624639361415,136.0,0.38235294117647056,345.0,,,,,
DIVERGENCE,1,2,CONTROL_STOCK_ONLY,OPEN,CONSERVATIVE,development_2021_2023,-0.180377723188348,-0.390579480025538,-1.7639635583267768,73.0,0.3150684931506849,185.0,,,,,
DIVERGENCE,1,2,CONTROL_STOCK_ONLY,OPEN,CONSERVATIVE,oos_2024_2026,-0.09285048079197111,-0.2622473762161578,-0.5473043265099459,63.0,0.4603174603174603,160.0,,,,,
DIVERGENCE,1,2,CONTROL_STOCK_ONLY,10:00,BASE,all,-0.09607399102345715,-0.5148555691651366,-0.47555570107577677,136.0,0.41911764705882354,345.0,,,,,
DIVERGENCE,1,2,CONTROL_STOCK_ONLY,10:00,BASE,development_2021_2023,-0.2147035124481309,-0.4456357473743413,-1.4344096678071174,73.0,0.3698630136986301,185.0,,,,,
DIVERGENCE,1,2,CONTROL_STOCK_ONLY,10:00,BASE,oos_2024_2026,0.044138594006522425,-0.19172365879497888,0.3215368701804672,63.0,0.47619047619047616,160.0,,,,,
DIVERGENCE,1,2,CONTROL_STOCK_ONLY,10:00,CONSERVATIVE,all,-0.1219418606472863,-0.5623648809870638,-0.6370256074120223,136.0,0.375,345.0,,,,,
DIVERGENCE,1,2,CONTROL_STOCK_ONLY,10:00,CONSERVATIVE,development_2021_2023,-0.2385293875997193,-0.48784955566091426,-1.613463516619113,73.0,0.3287671232876712,185.0,,,,,
DIVERGENCE,1,2,CONTROL_STOCK_ONLY,10:00,CONSERVATIVE,oos_2024_2026,0.015983402314925232,-0.20579990065830067,0.18179001485559587,63.0,0.42857142857142855,160.0,,,,,
DIVERGENCE,1,2,PAIRED_SELECTED_MINUS_CONTROL,OPEN,BASE,all,,,,,,,80.0,-0.002740133170053298,-0.0009950819386541025,0.0017450512313991963,0.6201373272160277
DIVERGENCE,1,2,PAIRED_SELECTED_MINUS_CONTROL,OPEN,BASE,development_2021_2023,,,,,,,40.0,-0.004259168201216935,-0.004746719297275335,-0.00048755109605839905,0.7018664209145338
DIVERGENCE,1,2,PAIRED_SELECTED_MINUS_CONTROL,OPEN,BASE,oos_2024_2026,,,,,,,40.0,-0.0012210981388896612,0.0027565554199671305,0.003977653558856791,0.5870029181313412
DIVERGENCE,1,2,PAIRED_SELECTED_MINUS_CONTROL,OPEN,CONSERVATIVE,all,,,,,,,80.0,-0.002737120557655756,-0.0020934205762661523,0.0006436999813896029,0.620137347530716
DIVERGENCE,1,2,PAIRED_SELECTED_MINUS_CONTROL,OPEN,CONSERVATIVE,development_2021_2023,,,,,,,40.0,-0.0042544854771277806,-0.0058409451473068075,-0.0015864596701790292,0.7018664015445613
DIVERGENCE,1,2,PAIRED_SELECTED_MINUS_CONTROL,OPEN,CONSERVATIVE,oos_2024_2026,,,,,,,40.0,-0.0012197556381837338,0.0016541039947745033,0.002873859632958235,0.5870029181313413
DIVERGENCE,1,2,PAIRED_SELECTED_MINUS_CONTROL,10:00,BASE,all,,,,,,,80.0,-0.002512402263688253,-3.2522240379660904e-05,0.0024798800233085923,0.706769494135924
DIVERGENCE,1,2,PAIRED_SELECTED_MINUS_CONTROL,10:00,BASE,development_2021_2023,,,,,,,40.0,-0.003424510157523501,-0.008434690599236874,-0.005010180441713372,0.7675236726098702
DIVERGENCE,1,2,PAIRED_SELECTED_MINUS_CONTROL,10:00,BASE,oos_2024_2026,,,,,,,40.0,-0.0016002943698530051,0.008369646118477552,0.009969940488330553,0.651239812404856
DIVERGENCE,1,2,PAIRED_SELECTED_MINUS_CONTROL,10:00,CONSERVATIVE,all,,,,,,,80.0,-0.0025096400338692733,-0.0011319190860154742,0.0013777209478537992,0.7067695293724443
DIVERGENCE,1,2,PAIRED_SELECTED_MINUS_CONTROL,10:00,CONSERVATIVE,development_2021_2023,,,,,,,40.0,-0.0034207450948191484,-0.009524861716589028,-0.00610411662176988,0.7675236679359457
DIVERGENCE,1,2,PAIRED_SELECTED_MINUS_CONTROL,10:00,CONSERVATIVE,oos_2024_2026,,,,,,,40.0,-0.0015985349729193972,0.00726102354455808,0.008859558517477478,0.6512398124048556
DIVERGENCE,2,0,SELECTED_SYNC,OPEN,BASE,all,-0.03224818364164772,-0.24820304996554254,-0.19745883389264288,61.0,0.36065573770491804,126.0,,,,,
DIVERGENCE,2,0,SELECTED_SYNC,OPEN,BASE,development_2021_2023,-0.06041883229727718,-0.1815313193419249,-0.5143642836674298,29.0,0.2413793103448276,53.0,,,,,
DIVERGENCE,2,0,SELECTED_SYNC,OPEN,BASE,oos_2024_2026,-0.002547045604052056,-0.15197445693129086,0.05187763053454064,32.0,0.46875,73.0,,,,,
DIVERGENCE,2,0,SELECTED_SYNC,OPEN,CONSERVATIVE,all,-0.04476941257667588,-0.2653711647881777,-0.3003139241693821,61.0,0.3442622950819672,126.0,,,,,
DIVERGENCE,2,0,SELECTED_SYNC,OPEN,CONSERVATIVE,development_2021_2023,-0.07184874368243799,-0.19492584049228823,-0.6229518353499182,29.0,0.20689655172413793,53.0,,,,,
DIVERGENCE,2,0,SELECTED_SYNC,OPEN,CONSERVATIVE,oos_2024_2026,-0.016300536098684315,-0.1722508137804667,-0.04643381615934928,32.0,0.46875,73.0,,,,,
DIVERGENCE,2,0,SELECTED_SYNC,10:00,BASE,all,-0.018505364670956204,-0.26716291244164003,-0.04249417640117381,61.0,0.5081967213114754,126.0,,,,,
DIVERGENCE,2,0,SELECTED_SYNC,10:00,BASE,development_2021_2023,-0.10339930614290171,-0.26280344429645486,-0.7775286130691095,29.0,0.41379310344827586,53.0,,,,,
DIVERGENCE,2,0,SELECTED_SYNC,10:00,BASE,oos_2024_2026,0.0770723853021984,-0.1630684966138537,0.5170385663416983,32.0,0.59375,73.0,,,,,
DIVERGENCE,2,0,SELECTED_SYNC,10:00,CONSERVATIVE,all,-0.031204404672453667,-0.29173237232000926,-0.12775882052802062,61.0,0.47540983606557374,126.0,,,,,
DIVERGENCE,2,0,SELECTED_SYNC,10:00,CONSERVATIVE,development_2021_2023,-0.11430636434173369,-0.2828010254094363,-0.8668099730816176,29.0,0.41379310344827586,53.0,,,,,
DIVERGENCE,2,0,SELECTED_SYNC,10:00,CONSERVATIVE,oos_2024_2026,0.06222105346945561,-0.1667429909837509,0.4383873922705898,32.0,0.53125,73.0,,,,,
DIVERGENCE,2,0,CONTROL_STOCK_ONLY,OPEN,BASE,all,-0.10073568687505685,-0.4508102625636573,-0.6993718636853908,136.0,0.4338235294117647,345.0,,,,,
DIVERGENCE,2,0,CONTROL_STOCK_ONLY,OPEN,BASE,development_2021_2023,-0.14168267861248007,-0.3209556891905282,-1.4305908466019452,73.0,0.3972602739726027,185.0,,,,,
DIVERGENCE,2,0,CONTROL_STOCK_ONLY,OPEN,BASE,oos_2024_2026,-0.05703422660322821,-0.20554575515538254,-0.2662016746252035,63.0,0.47619047619047616,160.0,,,,,
DIVERGENCE,2,0,CONTROL_STOCK_ONLY,OPEN,CONSERVATIVE,all,-0.12647015161915287,-0.5181949913117712,-0.9054654517686875,136.0,0.4117647058823529,345.0,,,,,
DIVERGENCE,2,0,CONTROL_STOCK_ONLY,OPEN,CONSERVATIVE,development_2021_2023,-0.16772400397683718,-0.3657245377565489,-1.705454208663347,73.0,0.3561643835616438,185.0,,,,,
DIVERGENCE,2,0,CONTROL_STOCK_ONLY,OPEN,CONSERVATIVE,oos_2024_2026,-0.08246129371960276,-0.24058048594767023,-0.42997350843829013,63.0,0.47619047619047616,160.0,,,,,
DIVERGENCE,2,0,CONTROL_STOCK_ONLY,10:00,BASE,all,-0.08204249543811915,-0.48359007699073353,-0.3752986444009106,136.0,0.4264705882352941,345.0,,,,,
DIVERGENCE,2,0,CONTROL_STOCK_ONLY,10:00,BASE,development_2021_2023,-0.20496076201009372,-0.42569501617922834,-1.4041330245133532,73.0,0.3972602739726027,185.0,,,,,
DIVERGENCE,2,0,CONTROL_STOCK_ONLY,10:00,BASE,oos_2024_2026,0.06377309866848502,-0.21648035232225682,0.4048801624081968,63.0,0.4603174603174603,160.0,,,,,
DIVERGENCE,2,0,CONTROL_STOCK_ONLY,10:00,CONSERVATIVE,all,-0.10831190777100197,-0.5384009957197962,-0.5334690149626284,136.0,0.40441176470588236,345.0,,,,,
DIVERGENCE,2,0,CONTROL_STOCK_ONLY,10:00,CONSERVATIVE,development_2021_2023,-0.22908223195836008,-0.46942727411290197,-1.589235969468812,73.0,0.3698630136986301,185.0,,,,,
DIVERGENCE,2,0,CONTROL_STOCK_ONLY,10:00,CONSERVATIVE,oos_2024_2026,0.035088462662024034,-0.23014997094816092,0.2732489369482267,63.0,0.4444444444444444,160.0,,,,,
DIVERGENCE,2,0,PAIRED_SELECTED_MINUS_CONTROL,OPEN,BASE,all,,,,,,,61.0,-0.007299413304087082,-0.002100759529241619,0.005198653774845462,0.4949164676264543
DIVERGENCE,2,0,PAIRED_SELECTED_MINUS_CONTROL,OPEN,BASE,development_2021_2023,,,,,,,29.0,-0.008677669721609231,-0.005059714519160916,0.0036179552024483146,0.7295664960158681
DIVERGENCE,2,0,PAIRED_SELECTED_MINUS_CONTROL,OPEN,BASE,oos_2024_2026,,,,,,,32.0,-0.0060503684257076345,0.0005807934303727442,0.006631161856080377,0.3877829109787138
DIVERGENCE,2,0,PAIRED_SELECTED_MINUS_CONTROL,OPEN,CONSERVATIVE,all,,,,,,,61.0,-0.007291388074113478,-0.0031978821571317082,0.004093505916981769,0.49491648067729077
DIVERGENCE,2,0,PAIRED_SELECTED_MINUS_CONTROL,OPEN,CONSERVATIVE,development_2021_2023,,,,,,,29.0,-0.008668129094103548,-0.006153596629211685,0.0025145324648918636,0.7295664873322472
DIVERGENCE,2,0,PAIRED_SELECTED_MINUS_CONTROL,OPEN,CONSERVATIVE,oos_2024_2026,,,,,,,32.0,-0.006043716524747478,-0.0005192659168092298,0.0055244506079382485,0.3877829109787132
DIVERGENCE,2,0,PAIRED_SELECTED_MINUS_CONTROL,10:00,BASE,all,,,,,,,61.0,-0.006795235292064967,-0.0005480759684132797,0.0062471593236516874,0.6994155201192946
DIVERGENCE,2,0,PAIRED_SELECTED_MINUS_CONTROL,10:00,BASE,development_2021_2023,,,,,,,29.0,-0.009243819393992393,-0.009016005724295192,0.00022781366969719768,0.8367872976786295
DIVERGENCE,2,0,PAIRED_SELECTED_MINUS_CONTROL,10:00,BASE,oos_2024_2026,,,,,,,32.0,-0.004576205949693239,0.007125985372854703,0.011702191322547942,0.6114657356566932
DIVERGENCE,2,0,PAIRED_SELECTED_MINUS_CONTROL,10:00,CONSERVATIVE,all,,,,,,,61.0,-0.006787764358125728,-0.0016469055968681514,0.005140858761257578,0.6994155459659829
DIVERGENCE,2,0,PAIRED_SELECTED_MINUS_CONTROL,10:00,CONSERVATIVE,development_2021_2023,,,,,,,29.0,-0.009233656313422888,-0.010105538095967403,-0.0008718817825445168,0.8367872967313934
DIVERGENCE,2,0,PAIRED_SELECTED_MINUS_CONTROL,10:00,CONSERVATIVE,oos_2024_2026,,,,,,,32.0,-0.004571174773637678,0.006018730105440544,0.010589904879078224,0.6114657356566927
DIVERGENCE,2,1,SELECTED_SYNC,OPEN,BASE,all,-0.032677928300952175,-0.23018972818307093,-0.21488648095836815,61.0,0.3770491803278688,126.0,,,,,
DIVERGENCE,2,1,SELECTED_SYNC,OPEN,BASE,development_2021_2023,-0.05801623960070745,-0.18168853798062112,-0.48158645116935,29.0,0.2413793103448276,53.0,,,,,
DIVERGENCE,2,1,SELECTED_SYNC,OPEN,BASE,oos_2024_2026,-0.006060105690195439,-0.16187654007981034,0.01816490502654162,32.0,0.5,73.0,,,,,
DIVERGENCE,2,1,SELECTED_SYNC,OPEN,CONSERVATIVE,all,-0.04519359699711334,-0.2494223618942053,-0.3221406921581335,61.0,0.3770491803278688,126.0,,,,,
DIVERGENCE,2,1,SELECTED_SYNC,OPEN,CONSERVATIVE,development_2021_2023,-0.06947537828688366,-0.19684944403568094,-0.5888019005408354,29.0,0.2413793103448276,53.0,,,,,
DIVERGENCE,2,1,SELECTED_SYNC,OPEN,CONSERVATIVE,oos_2024_2026,-0.019765155966881,-0.18191613734891054,-0.08856707416737639,32.0,0.5,73.0,,,,,
DIVERGENCE,2,1,SELECTED_SYNC,10:00,BASE,all,-0.02428305170257561,-0.264647943810436,-0.08953327690172262,61.0,0.5081967213114754,126.0,,,,,
DIVERGENCE,2,1,SELECTED_SYNC,10:00,BASE,development_2021_2023,-0.1013770690215845,-0.2611714648298392,-0.7597191061649491,29.0,0.4482758620689655,53.0,,,,,
DIVERGENCE,2,1,SELECTED_SYNC,10:00,BASE,oos_2024_2026,0.06176342486741615,-0.15924656980688712,0.44995331354007595,32.0,0.5625,73.0,,,,,
DIVERGENCE,2,1,SELECTED_SYNC,10:00,CONSERVATIVE,all,-0.03690733726722761,-0.2947532103044569,-0.1777695530425781,61.0,0.4918032786885246,126.0,,,,,
DIVERGENCE,2,1,SELECTED_SYNC,10:00,CONSERVATIVE,development_2021_2023,-0.11230872753371646,-0.2767793425727876,-0.8491936942737414,29.0,0.41379310344827586,53.0,,,,,
DIVERGENCE,2,1,SELECTED_SYNC,10:00,CONSERVATIVE,oos_2024_2026,0.047123182330559565,-0.1629378441025937,0.3663858857098376,32.0,0.5625,73.0,,,,,
DIVERGENCE,2,1,CONTROL_STOCK_ONLY,OPEN,BASE,all,-0.10781461585335028,-0.4719073704140013,-0.7707477052936541,136.0,0.39705882352941174,345.0,,,,,
DIVERGENCE,2,1,CONTROL_STOCK_ONLY,OPEN,BASE,development_2021_2023,-0.15255300888172274,-0.341939607571207,-1.461411262651668,73.0,0.3287671232876712,185.0,,,,,
DIVERGENCE,2,1,CONTROL_STOCK_ONLY,OPEN,BASE,oos_2024_2026,-0.059820064295632136,-0.1975012693942948,-0.30593359354431565,63.0,0.47619047619047616,160.0,,,,,
DIVERGENCE,2,1,CONTROL_STOCK_ONLY,OPEN,CONSERVATIVE,all,-0.13334650117162172,-0.5397513450352355,-0.9791377634437747,136.0,0.375,345.0,,,,,
DIVERGENCE,2,1,CONTROL_STOCK_ONLY,OPEN,CONSERVATIVE,development_2021_2023,-0.17826452870644416,-0.3893686855740751,-1.7203928031941458,73.0,0.3150684931506849,185.0,,,,,
DIVERGENCE,2,1,CONTROL_STOCK_ONLY,OPEN,CONSERVATIVE,oos_2024_2026,-0.08517201131329522,-0.24627407063547047,-0.4773815432738659,63.0,0.4444444444444444,160.0,,,,,
DIVERGENCE,2,1,CONTROL_STOCK_ONLY,10:00,BASE,all,-0.08923015999733919,-0.5091555261122822,-0.4221708572817552,136.0,0.3897058823529412,345.0,,,,,
DIVERGENCE,2,1,CONTROL_STOCK_ONLY,10:00,BASE,development_2021_2023,-0.21492999558529768,-0.4437300455009999,-1.417783888877209,73.0,0.3424657534246575,185.0,,,,,
DIVERGENCE,2,1,CONTROL_STOCK_ONLY,10:00,BASE,oos_2024_2026,0.060582797115888765,-0.19721455702304957,0.3968444192697417,63.0,0.4444444444444444,160.0,,,,,
DIVERGENCE,2,1,CONTROL_STOCK_ONLY,10:00,CONSERVATIVE,all,-0.11529388119193107,-0.5573522175583421,-0.5810679116778059,136.0,0.375,345.0,,,,,
DIVERGENCE,2,1,CONTROL_STOCK_ONLY,10:00,CONSERVATIVE,development_2021_2023,-0.23874899924435422,-0.4860889694460092,-1.5951163019075079,73.0,0.3287671232876712,185.0,,,,,
DIVERGENCE,2,1,CONTROL_STOCK_ONLY,10:00,CONSERVATIVE,oos_2024_2026,0.03198418757400101,-0.2112202949473596,0.2603790430853561,63.0,0.42857142857142855,160.0,,,,,
DIVERGENCE,2,1,PAIRED_SELECTED_MINUS_CONTROL,OPEN,BASE,all,,,,,,,61.0,-0.006051651793038826,-0.0021903953100974836,0.0038612564829413423,0.48682723662107746
DIVERGENCE,2,1,PAIRED_SELECTED_MINUS_CONTROL,OPEN,BASE,development_2021_2023,,,,,,,29.0,-0.007690273781076424,-0.00481403280308579,0.0028762409779906355,0.6890444149558347
DIVERGENCE,2,1,PAIRED_SELECTED_MINUS_CONTROL,OPEN,BASE,oos_2024_2026,,,,,,,32.0,-0.004566650616379751,0.0001872761679231705,0.0047539267843029216,0.376889370792168
DIVERGENCE,2,1,PAIRED_SELECTED_MINUS_CONTROL,OPEN,CONSERVATIVE,all,,,,,,,61.0,-0.006044998390803718,-0.003287419395833914,0.002757578994969804,0.4868272435982718
DIVERGENCE,2,1,PAIRED_SELECTED_MINUS_CONTROL,OPEN,CONSERVATIVE,development_2021_2023,,,,,,,29.0,-0.007681818744069684,-0.005908185031853691,0.0017736337122159916,0.6890444007433634
DIVERGENCE,2,1,PAIRED_SELECTED_MINUS_CONTROL,OPEN,CONSERVATIVE,oos_2024_2026,,,,,,,32.0,-0.004561629945656436,-0.00091235053819099,0.0036492794074654464,0.37688937079216756
DIVERGENCE,2,1,PAIRED_SELECTED_MINUS_CONTROL,10:00,BASE,all,,,,,,,61.0,-0.006026717421095139,-0.0011147663549152867,0.004911951066179854,0.669768770170456
DIVERGENCE,2,1,PAIRED_SELECTED_MINUS_CONTROL,10:00,BASE,development_2021_2023,,,,,,,29.0,-0.008313630044890389,-0.008813463425499459,-0.0004998333806090712,0.7894151967602989
DIVERGENCE,2,1,PAIRED_SELECTED_MINUS_CONTROL,10:00,BASE,oos_2024_2026,,,,,,,32.0,-0.003954202855780695,0.005862177865301622,0.009816380721082315,0.5850863201477869
DIVERGENCE,2,1,PAIRED_SELECTED_MINUS_CONTROL,10:00,CONSERVATIVE,all,,,,,,,61.0,-0.006020091423795832,-0.002212972956971428,0.0038071184668244063,0.6697687955653198
DIVERGENCE,2,1,PAIRED_SELECTED_MINUS_CONTROL,10:00,CONSERVATIVE,development_2021_2023,,,,,,,29.0,-0.00830448965929919,-0.009903218486498134,-0.0015987288271989443,0.7894151938185872
DIVERGENCE,2,1,PAIRED_SELECTED_MINUS_CONTROL,10:00,CONSERVATIVE,oos_2024_2026,,,,,,,32.0,-0.003949855522870915,0.004756312054162149,0.008706167577033064,0.5850863201477865
DIVERGENCE,2,2,SELECTED_SYNC,OPEN,BASE,all,-0.04352585369691053,-0.22717218317817345,-0.35450552291245796,60.0,0.4166666666666667,125.0,,,,,
DIVERGENCE,2,2,SELECTED_SYNC,OPEN,BASE,development_2021_2023,-0.0741657955425723,-0.1858784188487237,-0.9360133898860159,28.0,0.32142857142857145,52.0,,,,,
DIVERGENCE,2,2,SELECTED_SYNC,OPEN,BASE,oos_2024_2026,-0.011158273373308436,-0.1776508003433217,-0.018378108419884236,32.0,0.5,73.0,,,,,
DIVERGENCE,2,2,SELECTED_SYNC,OPEN,CONSERVATIVE,all,-0.05569958697437305,-0.26225936286138885,-0.47059963394598736,60.0,0.38333333333333336,125.0,,,,,
DIVERGENCE,2,2,SELECTED_SYNC,OPEN,CONSERVATIVE,development_2021_2023,-0.08504239827811721,-0.20677904793186608,-1.0719972443619092,28.0,0.2857142857142857,52.0,,,,,
DIVERGENCE,2,2,SELECTED_SYNC,OPEN,CONSERVATIVE,oos_2024_2026,-0.024793027000452272,-0.19731323381971755,-0.12296107801822952,32.0,0.46875,73.0,,,,,
DIVERGENCE,2,2,SELECTED_SYNC,10:00,BASE,all,-0.0301626951147399,-0.30635781304312937,-0.13244700089689163,60.0,0.5166666666666667,125.0,,,,,
DIVERGENCE,2,2,SELECTED_SYNC,10:00,BASE,development_2021_2023,-0.1031634106292465,-0.30635781304312937,-0.8137484737247493,28.0,0.42857142857142855,52.0,,,,,
DIVERGENCE,2,2,SELECTED_SYNC,10:00,BASE,oos_2024_2026,0.050948015169892,-0.164180588339372,0.38480429020769125,32.0,0.59375,73.0,,,,,
DIVERGENCE,2,2,SELECTED_SYNC,10:00,CONSERVATIVE,all,-0.04250651090718971,-0.32507586245109654,-0.21974534273264887,60.0,0.5166666666666667,125.0,,,,,
DIVERGENCE,2,2,SELECTED_SYNC,10:00,CONSERVATIVE,development_2021_2023,-0.11369935243645501,-0.31920898093756556,-0.9028747795239027,28.0,0.42857142857142855,52.0,,,,,
DIVERGENCE,2,2,SELECTED_SYNC,10:00,CONSERVATIVE,oos_2024_2026,0.036456902107076194,-0.16785020014149887,0.3020979336229205,32.0,0.59375,73.0,,,,,
DIVERGENCE,2,2,CONTROL_STOCK_ONLY,OPEN,BASE,all,-0.11287983010990343,-0.48402939617625784,-0.8357103574490429,136.0,0.38235294117647056,345.0,,,,,
DIVERGENCE,2,2,CONTROL_STOCK_ONLY,OPEN,BASE,development_2021_2023,-0.1580887755709076,-0.34908396989970414,-1.5510382224605959,73.0,0.3150684931506849,185.0,,,,,
DIVERGENCE,2,2,CONTROL_STOCK_ONLY,OPEN,BASE,oos_2024_2026,-0.06435364850439107,-0.20731618217446757,-0.3498090214409422,63.0,0.4603174603174603,160.0,,,,,
DIVERGENCE,2,2,CONTROL_STOCK_ONLY,OPEN,CONSERVATIVE,all,-0.1382667629644726,-0.5509627711550265,-1.048231842151695,136.0,0.36764705882352944,345.0,,,,,
DIVERGENCE,2,2,CONTROL_STOCK_ONLY,OPEN,CONSERVATIVE,development_2021_2023,-0.18363234037724285,-0.3968667728623637,-1.8119690463568285,73.0,0.2876712328767123,185.0,,,,,
DIVERGENCE,2,2,CONTROL_STOCK_ONLY,OPEN,CONSERVATIVE,oos_2024_2026,-0.08958334744772689,-0.2554924705839453,-0.5256835951892506,63.0,0.4603174603174603,160.0,,,,,
DIVERGENCE,2,2,CONTROL_STOCK_ONLY,10:00,BASE,all,-0.09466955359654805,-0.5240130643962908,-0.4653351037573571,136.0,0.4338235294117647,345.0,,,,,
DIVERGENCE,2,2,CONTROL_STOCK_ONLY,10:00,BASE,development_2021_2023,-0.22042405701942758,-0.4560998229713872,-1.4770191918341506,73.0,0.3835616438356164,185.0,,,,,
DIVERGENCE,2,2,CONTROL_STOCK_ONLY,10:00,BASE,oos_2024_2026,0.05534111599729963,-0.197678162743389,0.37576748809677335,63.0,0.49206349206349204,160.0,,,,,
DIVERGENCE,2,2,CONTROL_STOCK_ONLY,10:00,CONSERVATIVE,all,-0.12057761434652414,-0.5739173819580593,-0.6265106182999556,136.0,0.3897058823529412,345.0,,,,,
DIVERGENCE,2,2,CONTROL_STOCK_ONLY,10:00,CONSERVATIVE,development_2021_2023,-0.2440763709964595,-0.4975168113348546,-1.6549405498036107,73.0,0.3424657534246575,185.0,,,,,
DIVERGENCE,2,2,CONTROL_STOCK_ONLY,10:00,CONSERVATIVE,oos_2024_2026,0.026883848359184892,-0.21165070611464654,0.2364522008561817,63.0,0.4444444444444444,160.0,,,,,
DIVERGENCE,2,2,PAIRED_SELECTED_MINUS_CONTROL,OPEN,BASE,all,,,,,,,60.0,-0.005160441616621711,-0.003309515340786358,0.0018509262758353527,0.4936832346507147
DIVERGENCE,2,2,PAIRED_SELECTED_MINUS_CONTROL,OPEN,BASE,development_2021_2023,,,,,,,28.0,-0.006026790414485098,-0.006870915904092242,-0.0008441254896071418,0.6614267052037555
DIVERGENCE,2,2,PAIRED_SELECTED_MINUS_CONTROL,OPEN,BASE,oos_2024_2026,,,,,,,32.0,-0.0044023864184912454,-0.0001932898478937098,0.004209096570597536,0.427712503047445
DIVERGENCE,2,2,PAIRED_SELECTED_MINUS_CONTROL,OPEN,CONSERVATIVE,all,,,,,,,60.0,-0.005154768053828582,-0.0044053087983070005,0.00074945925552158,0.49368325746169167
DIVERGENCE,2,2,PAIRED_SELECTED_MINUS_CONTROL,OPEN,CONSERVATIVE,development_2021_2023,,,,,,,28.0,-0.00602016429449487,-0.007962806680017602,-0.0019426423855227308,0.6614266722236781
DIVERGENCE,2,2,PAIRED_SELECTED_MINUS_CONTROL,OPEN,CONSERVATIVE,oos_2024_2026,,,,,,,32.0,-0.0043975463432455765,-0.0012924981518102248,0.0031050481914353515,0.427712503047444
DIVERGENCE,2,2,PAIRED_SELECTED_MINUS_CONTROL,10:00,BASE,all,,,,,,,60.0,-0.004343843663410136,-0.0016647777127224105,0.0026790659506877247,0.6788241908625556
DIVERGENCE,2,2,PAIRED_SELECTED_MINUS_CONTROL,10:00,BASE,development_2021_2023,,,,,,,28.0,-0.004543085292621667,-0.00937596314121358,-0.004832877848591914,0.7481855237184132
DIVERGENCE,2,2,PAIRED_SELECTED_MINUS_CONTROL,10:00,BASE,oos_2024_2026,,,,,,,32.0,-0.004169507237850046,0.0050825095372073635,0.009252016775057409,0.6258618763903881
DIVERGENCE,2,2,PAIRED_SELECTED_MINUS_CONTROL,10:00,CONSERVATIVE,all,,,,,,,60.0,-0.004339067901739722,-0.0027623793947749264,0.0015766885069647954,0.6788242195476629
DIVERGENCE,2,2,PAIRED_SELECTED_MINUS_CONTROL,10:00,CONSERVATIVE,development_2021_2023,,,,,,,28.0,-0.004538090423931435,-0.010465099742692883,-0.005927009318761449,0.7481855178492732
DIVERGENCE,2,2,PAIRED_SELECTED_MINUS_CONTROL,10:00,CONSERVATIVE,oos_2024_2026,,,,,,,32.0,-0.004164923194821974,0.003977500909653287,0.00814242410447526,0.625861876390388
NEGATIVE_MAJORITY,1,0,SELECTED_SYNC,OPEN,BASE,all,-0.31626173543902225,-0.8683602587110922,-2.151212562431812,335.0,0.35522388059701493,782.0,,,,,
NEGATIVE_MAJORITY,1,0,SELECTED_SYNC,OPEN,BASE,development_2021_2023,-0.36009354022477524,-0.7095832742076704,-2.660647625898475,181.0,0.32044198895027626,438.0,,,,,
NEGATIVE_MAJORITY,1,0,SELECTED_SYNC,OPEN,BASE,oos_2024_2026,-0.2692682967828707,-0.5485679743327752,-1.6756171734423586,154.0,0.3961038961038961,344.0,,,,,
NEGATIVE_MAJORITY,1,0,SELECTED_SYNC,OPEN,CONSERVATIVE,all,-0.36345445110481367,-0.9078279350447067,-2.545909691524673,335.0,0.3283582089552239,782.0,,,,,
NEGATIVE_MAJORITY,1,0,SELECTED_SYNC,OPEN,CONSERVATIVE,development_2021_2023,-0.4071562546677905,-0.758132146701554,-3.0893168064199594,181.0,0.292817679558011,438.0,,,,,
NEGATIVE_MAJORITY,1,0,SELECTED_SYNC,OPEN,CONSERVATIVE,oos_2024_2026,-0.31649980827572544,-0.6189156033002858,-2.0360319225588333,154.0,0.37012987012987014,344.0,,,,,
NEGATIVE_MAJORITY,1,0,SELECTED_SYNC,10:00,BASE,all,-0.28678080834709685,-0.8395621565397104,-1.50679470745855,335.0,0.42388059701492536,782.0,,,,,
NEGATIVE_MAJORITY,1,0,SELECTED_SYNC,10:00,BASE,development_2021_2023,-0.3672265901400147,-0.7182542181791701,-2.3593979356095995,181.0,0.3756906077348066,438.0,,,,,
NEGATIVE_MAJORITY,1,0,SELECTED_SYNC,10:00,BASE,oos_2024_2026,-0.19457866341330465,-0.47047482094947046,-0.8173419726911787,154.0,0.4805194805194805,344.0,,,,,
NEGATIVE_MAJORITY,1,0,SELECTED_SYNC,10:00,CONSERVATIVE,all,-0.336008345057615,-0.887787477985328,-1.8378825681136268,335.0,0.3940298507462687,782.0,,,,,
NEGATIVE_MAJORITY,1,0,SELECTED_SYNC,10:00,CONSERVATIVE,development_2021_2023,-0.41376469557785434,-0.7673356070752767,-2.741368119560496,181.0,0.34806629834254144,438.0,,,,,
NEGATIVE_MAJORITY,1,0,SELECTED_SYNC,10:00,CONSERVATIVE,oos_2024_2026,-0.24663780762191634,-0.5470521131616953,-1.1037057477869965,154.0,0.44805194805194803,344.0,,,,,
NEGATIVE_MAJORITY,1,0,CONTROL_STOCK_ONLY,OPEN,BASE,all,-0.3318277319331737,-0.8905265424211317,-1.943742786859471,412.0,0.4077669902912621,1135.0,,,,,
NEGATIVE_MAJORITY,1,0,CONTROL_STOCK_ONLY,OPEN,BASE,development_2021_2023,-0.33772063302329924,-0.6978304060555598,-2.0347824455552184,221.0,0.40271493212669685,609.0,,,,,
NEGATIVE_MAJORITY,1,0,CONTROL_STOCK_ONLY,OPEN,BASE,oos_2024_2026,-0.3268881004946085,-0.6418252326413401,-1.854222672095741,191.0,0.41361256544502617,526.0,,,,,
NEGATIVE_MAJORITY,1,0,CONTROL_STOCK_ONLY,OPEN,CONSERVATIVE,all,-0.3880882311280338,-0.9286378101553643,-2.3725439704862294,412.0,0.3713592233009709,1135.0,,,,,
NEGATIVE_MAJORITY,1,0,CONTROL_STOCK_ONLY,OPEN,CONSERVATIVE,development_2021_2023,-0.39670013405307747,-0.7564360771337502,-2.4983336144150363,221.0,0.3665158371040724,609.0,,,,,
NEGATIVE_MAJORITY,1,0,CONTROL_STOCK_ONLY,OPEN,CONSERVATIVE,oos_2024_2026,-0.3804222867618031,-0.7093801147652095,-2.2487316773895225,191.0,0.3769633507853403,526.0,,,,,
NEGATIVE_MAJORITY,1,0,CONTROL_STOCK_ONLY,10:00,BASE,all,-0.3333685911059858,-0.8895636233585382,-1.680184576663128,412.0,0.4174757281553398,1135.0,,,,,
NEGATIVE_MAJORITY,1,0,CONTROL_STOCK_ONLY,10:00,BASE,development_2021_2023,-0.3383584500914619,-0.6925571618886018,-1.7175358758361188,221.0,0.42081447963800905,609.0,,,,,
NEGATIVE_MAJORITY,1,0,CONTROL_STOCK_ONLY,10:00,BASE,oos_2024_2026,-0.32937515530075356,-0.669114536054605,-1.6408809532402784,191.0,0.41361256544502617,526.0,,,,,
NEGATIVE_MAJORITY,1,0,CONTROL_STOCK_ONLY,10:00,CONSERVATIVE,all,-0.3894993490493833,-0.928010114506852,-2.0587099818169876,412.0,0.3859223300970874,1135.0,,,,,
NEGATIVE_MAJORITY,1,0,CONTROL_STOCK_ONLY,10:00,CONSERVATIVE,development_2021_2023,-0.39728115011806175,-0.7527301816786716,-2.119793005020935,221.0,0.40271493212669685,609.0,,,,,
NEGATIVE_MAJORITY,1,0,CONTROL_STOCK_ONLY,10:00,CONSERVATIVE,oos_2024_2026,-0.38271154019889386,-0.7288512269184433,-1.994931406918143,191.0,0.36649214659685864,526.0,,,,,
NEGATIVE_MAJORITY,1,0,PAIRED_SELECTED_MINUS_CONTROL,OPEN,BASE,all,,,,,,,335.0,-0.0021771298234008656,-0.005609565002175959,-0.0034324351787750926,0.5285859781330006
NEGATIVE_MAJORITY,1,0,PAIRED_SELECTED_MINUS_CONTROL,OPEN,BASE,development_2021_2023,,,,,,,181.0,-0.0028372393338618246,-0.006223631340030554,-0.00338639200616873,0.5728551073303851
NEGATIVE_MAJORITY,1,0,PAIRED_SELECTED_MINUS_CONTROL,OPEN,BASE,oos_2024_2026,,,,,,,154.0,-0.0014012868273396092,-0.004887837683009194,-0.0034865508556695844,0.4930973831927574
NEGATIVE_MAJORITY,1,0,PAIRED_SELECTED_MINUS_CONTROL,OPEN,CONSERVATIVE,all,,,,,,,335.0,-0.0021747362061495497,-0.006702829892955189,-0.00452809368680564,0.5285859900357062
NEGATIVE_MAJORITY,1,0,PAIRED_SELECTED_MINUS_CONTROL,OPEN,CONSERVATIVE,development_2021_2023,,,,,,,181.0,-0.0028341199483446437,-0.007316230772518569,-0.004482110824173924,0.572855121680254
NEGATIVE_MAJORITY,1,0,PAIRED_SELECTED_MINUS_CONTROL,OPEN,CONSERVATIVE,oos_2024_2026,,,,,,,154.0,-0.0013997462234397315,-0.00598188470333849,-0.004582138479898759,0.49309738319275764
NEGATIVE_MAJORITY,1,0,PAIRED_SELECTED_MINUS_CONTROL,10:00,BASE,all,,,,,,,335.0,-0.001150638340832215,-0.00484201478806633,-0.003691376447234115,0.5137872707490359
NEGATIVE_MAJORITY,1,0,PAIRED_SELECTED_MINUS_CONTROL,10:00,BASE,development_2021_2023,,,,,,,181.0,-0.0030102075664894088,-0.006322497743928173,-0.003312290177438766,0.5618341955177439
NEGATIVE_MAJORITY,1,0,PAIRED_SELECTED_MINUS_CONTROL,10:00,BASE,oos_2024_2026,,,,,,,154.0,0.0010349592555570855,-0.003101966638644292,-0.004136925894201375,0.4847795987781939
NEGATIVE_MAJORITY,1,0,PAIRED_SELECTED_MINUS_CONTROL,10:00,CONSERVATIVE,all,,,,,,,335.0,-0.00114937326838348,-0.005936123538707018,-0.004786750270323537,0.5137872840456988
NEGATIVE_MAJORITY,1,0,PAIRED_SELECTED_MINUS_CONTROL,10:00,CONSERVATIVE,development_2021_2023,,,,,,,181.0,-0.0030068980136999934,-0.007414988479121638,-0.004408090465421645,0.5618342064419509
NEGATIVE_MAJORITY,1,0,PAIRED_SELECTED_MINUS_CONTROL,10:00,CONSERVATIVE,oos_2024_2026,,,,,,,154.0,0.0010338213998132022,-0.004197977082765161,-0.005231798482578361,0.48477959877819354
NEGATIVE_MAJORITY,1,1,SELECTED_SYNC,OPEN,BASE,all,-0.30978626075316007,-0.8620193533814475,-2.1556575620185847,335.0,0.3701492537313433,782.0,,,,,
NEGATIVE_MAJORITY,1,1,SELECTED_SYNC,OPEN,BASE,development_2021_2023,-0.3594970977221724,-0.7081316688411159,-2.7092281652559964,181.0,0.3314917127071823,438.0,,,,,
NEGATIVE_MAJORITY,1,1,SELECTED_SYNC,OPEN,BASE,oos_2024_2026,-0.25584734278682986,-0.5272503663871639,-1.6306634647963199,154.0,0.4155844155844156,344.0,,,,,
NEGATIVE_MAJORITY,1,1,SELECTED_SYNC,OPEN,CONSERVATIVE,all,-0.3574259241056478,-0.9032823328053852,-2.560496239696247,335.0,0.3283582089552239,782.0,,,,,
NEGATIVE_MAJORITY,1,1,SELECTED_SYNC,OPEN,CONSERVATIVE,development_2021_2023,-0.4066036782689798,-0.757648445061557,-3.1445792689846215,181.0,0.287292817679558,438.0,,,,,
NEGATIVE_MAJORITY,1,1,SELECTED_SYNC,OPEN,CONSERVATIVE,oos_2024_2026,-0.3039463299073578,-0.6009199643089511,-2.0035588696521645,154.0,0.37662337662337664,344.0,,,,,
NEGATIVE_MAJORITY,1,1,SELECTED_SYNC,10:00,BASE,all,-0.27983842398544,-0.8311961089348447,-1.4900584209521375,335.0,0.43582089552238806,782.0,,,,,
NEGATIVE_MAJORITY,1,1,SELECTED_SYNC,10:00,BASE,development_2021_2023,-0.3666208002898216,-0.7198883928775229,-2.369807632568912,181.0,0.3867403314917127,438.0,,,,,
NEGATIVE_MAJORITY,1,1,SELECTED_SYNC,10:00,BASE,oos_2024_2026,-0.1793725691330027,-0.4250524975746939,-0.7613113250413778,154.0,0.4935064935064935,344.0,,,,,
NEGATIVE_MAJORITY,1,1,SELECTED_SYNC,10:00,CONSERVATIVE,all,-0.32954513524008333,-0.8819361446540543,-1.8271366729477507,335.0,0.4208955223880597,782.0,,,,,
NEGATIVE_MAJORITY,1,1,SELECTED_SYNC,10:00,CONSERVATIVE,development_2021_2023,-0.4132034592937275,-0.768685101153477,-2.7538284626121565,181.0,0.3756906077348066,438.0,,,,,
NEGATIVE_MAJORITY,1,1,SELECTED_SYNC,10:00,CONSERVATIVE,oos_2024_2026,-0.23241457314309721,-0.5081985398060679,-1.0553903841383596,154.0,0.474025974025974,344.0,,,,,
NEGATIVE_MAJORITY,1,1,CONTROL_STOCK_ONLY,OPEN,BASE,all,-0.33118356182953845,-0.8885445891170307,-1.9940999500887706,412.0,0.4077669902912621,1135.0,,,,,
NEGATIVE_MAJORITY,1,1,CONTROL_STOCK_ONLY,OPEN,BASE,development_2021_2023,-0.33684144741799693,-0.6941587483928149,-2.082213948729011,221.0,0.42081447963800905,609.0,,,,,
NEGATIVE_MAJORITY,1,1,CONTROL_STOCK_ONLY,OPEN,BASE,oos_2024_2026,-0.32648777458512424,-0.6401071379859853,-1.9071056425006783,191.0,0.39267015706806285,526.0,,,,,
NEGATIVE_MAJORITY,1,1,CONTROL_STOCK_ONLY,OPEN,CONSERVATIVE,all,-0.38749830052718737,-0.9273458391965723,-2.4329974430842856,412.0,0.3762135922330097,1135.0,,,,,
NEGATIVE_MAJORITY,1,1,CONTROL_STOCK_ONLY,OPEN,CONSERVATIVE,development_2021_2023,-0.39589924460329406,-0.7534765359963174,-2.5561486853013933,221.0,0.38461538461538464,609.0,,,,,
NEGATIVE_MAJORITY,1,1,CONTROL_STOCK_ONLY,OPEN,CONSERVATIVE,oos_2024_2026,-0.3800537997216388,-0.7079860677326848,-2.3113202025860993,191.0,0.36649214659685864,526.0,,,,,
NEGATIVE_MAJORITY,1,1,CONTROL_STOCK_ONLY,10:00,BASE,all,-0.33282684918395145,-0.8876690284576474,-1.7170512962550413,412.0,0.42718446601941745,1135.0,,,,,
NEGATIVE_MAJORITY,1,1,CONTROL_STOCK_ONLY,10:00,BASE,development_2021_2023,-0.337129796610544,-0.6881458611598423,-1.7632041448173945,221.0,0.43891402714932126,609.0,,,,,
NEGATIVE_MAJORITY,1,1,CONTROL_STOCK_ONLY,10:00,BASE,oos_2024_2026,-0.3295470666831495,-0.6622548213838039,-1.6696379872362408,191.0,0.41361256544502617,526.0,,,,,
NEGATIVE_MAJORITY,1,1,CONTROL_STOCK_ONLY,10:00,CONSERVATIVE,all,-0.38900322211681404,-0.9267750896525524,-2.1030774120849016,412.0,0.39563106796116504,1135.0,,,,,
NEGATIVE_MAJORITY,1,1,CONTROL_STOCK_ONLY,10:00,CONSERVATIVE,development_2021_2023,-0.3961619147661939,-0.7491822651408795,-2.1759982094790007,221.0,0.4117647058823529,609.0,,,,,
NEGATIVE_MAJORITY,1,1,CONTROL_STOCK_ONLY,10:00,CONSERVATIVE,oos_2024_2026,-0.3828697790612038,-0.7232299367157888,-2.028484747424991,191.0,0.3769633507853403,526.0,,,,,
NEGATIVE_MAJORITY,1,1,PAIRED_SELECTED_MINUS_CONTROL,OPEN,BASE,all,,,,,,,335.0,-0.0018243447040718237,-0.0054766035704143885,-0.003652258866342566,0.5256306802201566
NEGATIVE_MAJORITY,1,1,PAIRED_SELECTED_MINUS_CONTROL,OPEN,BASE,development_2021_2023,,,,,,,181.0,-0.0026345344769294985,-0.00621788488871613,-0.003583350411786631,0.5733575081353994
NEGATIVE_MAJORITY,1,1,PAIRED_SELECTED_MINUS_CONTROL,OPEN,BASE,oos_2024_2026,,,,,,,154.0,-0.0008721086723365032,-0.004605357345657146,-0.003733248673320644,0.48737673428203887
NEGATIVE_MAJORITY,1,1,PAIRED_SELECTED_MINUS_CONTROL,OPEN,CONSERVATIVE,all,,,,,,,335.0,-0.0018223389482515222,-0.006570014641710564,-0.004747675693459043,0.5256306937338702
NEGATIVE_MAJORITY,1,1,PAIRED_SELECTED_MINUS_CONTROL,OPEN,CONSERVATIVE,development_2021_2023,,,,,,,181.0,-0.002631637953291046,-0.007310490638883152,-0.004678852685592105,0.5733575229725016
NEGATIVE_MAJORITY,1,1,PAIRED_SELECTED_MINUS_CONTROL,OPEN,CONSERVATIVE,oos_2024_2026,,,,,,,154.0,-0.0008711498579128612,-0.0056997149307479785,-0.004828565072835118,0.4873767342820398
NEGATIVE_MAJORITY,1,1,PAIRED_SELECTED_MINUS_CONTROL,10:00,BASE,all,,,,,,,335.0,-0.000787843913791366,-0.0047054117014922615,-0.003917567787700895,0.5003171301723544
NEGATIVE_MAJORITY,1,1,PAIRED_SELECTED_MINUS_CONTROL,10:00,BASE,development_2021_2023,,,,,,,181.0,-0.002800286426029889,-0.006312175222431347,-0.0035118887964014594,0.5437811313829375
NEGATIVE_MAJORITY,1,1,PAIRED_SELECTED_MINUS_CONTROL,10:00,BASE,oos_2024_2026,,,,,,,154.0,0.00157742942851495,-0.0028169428879209982,-0.0043943723164359474,0.4739562435891918
NEGATIVE_MAJORITY,1,1,PAIRED_SELECTED_MINUS_CONTROL,10:00,CONSERVATIVE,all,,,,,,,335.0,-0.000786977707293219,-0.005799670636413012,-0.005012692929119793,0.500317145504723
NEGATIVE_MAJORITY,1,1,PAIRED_SELECTED_MINUS_CONTROL,10:00,CONSERVATIVE,development_2021_2023,,,,,,,181.0,-0.0027972076689965542,-0.007404677306426919,-0.004607469637430363,0.5437811433918132
NEGATIVE_MAJORITY,1,1,PAIRED_SELECTED_MINUS_CONTROL,10:00,CONSERVATIVE,oos_2024_2026,,,,,,,154.0,0.0015756951697736886,-0.003913266693084979,-0.005488961862858669,0.4739562435891915
NEGATIVE_MAJORITY,1,2,SELECTED_SYNC,OPEN,BASE,all,-0.30148296655946416,-0.8506450563106074,-2.1136929733022174,335.0,0.36716417910447763,782.0,,,,,
NEGATIVE_MAJORITY,1,2,SELECTED_SYNC,OPEN,BASE,development_2021_2023,-0.35147389926535577,-0.6931543187759669,-2.715501319415068,181.0,0.3259668508287293,438.0,,,,,
NEGATIVE_MAJORITY,1,2,SELECTED_SYNC,OPEN,BASE,oos_2024_2026,-0.24723583673984006,-0.5132571425036747,-1.5627047356367352,154.0,0.4155844155844156,344.0,,,,,
NEGATIVE_MAJORITY,1,2,SELECTED_SYNC,OPEN,CONSERVATIVE,all,-0.3496957366434055,-0.8953089283288541,-2.524843068378685,335.0,0.32238805970149254,782.0,,,,,
NEGATIVE_MAJORITY,1,2,SELECTED_SYNC,OPEN,CONSERVATIVE,development_2021_2023,-0.39917055589613515,-0.7452106583300141,-3.163498052145742,181.0,0.27624309392265195,438.0,,,,,
NEGATIVE_MAJORITY,1,2,SELECTED_SYNC,OPEN,CONSERVATIVE,oos_2024_2026,-0.2958914364242391,-0.58910733476934,-1.9365673382192359,154.0,0.37662337662337664,344.0,,,,,
NEGATIVE_MAJORITY,1,2,SELECTED_SYNC,10:00,BASE,all,-0.27135264370689216,-0.8185177462390889,-1.4456242047628864,335.0,0.43283582089552236,782.0,,,,,
NEGATIVE_MAJORITY,1,2,SELECTED_SYNC,10:00,BASE,development_2021_2023,-0.35874809671653163,-0.7098493037424242,-2.355548199509032,181.0,0.39226519337016574,438.0,,,,,
NEGATIVE_MAJORITY,1,2,SELECTED_SYNC,10:00,BASE,oos_2024_2026,-0.17020609344548543,-0.401240348009575,-0.7107338836864884,154.0,0.4805194805194805,344.0,,,,,
NEGATIVE_MAJORITY,1,2,SELECTED_SYNC,10:00,CONSERVATIVE,all,-0.32164505717632275,-0.8736260001832534,-1.7858069176181655,335.0,0.417910447761194,782.0,,,,,
NEGATIVE_MAJORITY,1,2,SELECTED_SYNC,10:00,CONSERVATIVE,development_2021_2023,-0.4059097634714991,-0.7603948667299484,-2.7478139659815173,181.0,0.3701657458563536,438.0,,,,,
NEGATIVE_MAJORITY,1,2,SELECTED_SYNC,10:00,CONSERVATIVE,oos_2024_2026,-0.22384058098938397,-0.49007863440636723,-1.0047538081583558,154.0,0.474025974025974,344.0,,,,,
NEGATIVE_MAJORITY,1,2,CONTROL_STOCK_ONLY,OPEN,BASE,all,-0.34374647501134814,-0.8969507923030616,-2.1146275966905295,412.0,0.39563106796116504,1135.0,,,,,
NEGATIVE_MAJORITY,1,2,CONTROL_STOCK_ONLY,OPEN,BASE,development_2021_2023,-0.32557548498378686,-0.6782055884495581,-2.0141267059251566,221.0,0.416289592760181,609.0,,,,,
NEGATIVE_MAJORITY,1,2,CONTROL_STOCK_ONLY,OPEN,BASE,oos_2024_2026,-0.3630773213196231,-0.6846801933370019,-2.213653849875865,191.0,0.3717277486910995,526.0,,,,,
NEGATIVE_MAJORITY,1,2,CONTROL_STOCK_ONLY,OPEN,CONSERVATIVE,all,-0.399003409006932,-0.9328255699084841,-2.555546595053893,412.0,0.3737864077669903,1135.0,,,,,
NEGATIVE_MAJORITY,1,2,CONTROL_STOCK_ONLY,OPEN,CONSERVATIVE,development_2021_2023,-0.3856365760600333,-0.7406174850005812,-2.4937733468710706,221.0,0.38461538461538464,609.0,,,,,
NEGATIVE_MAJORITY,1,2,CONTROL_STOCK_ONLY,OPEN,CONSERVATIVE,oos_2024_2026,-0.41373329299882045,-0.7441522564516823,-2.6163461699524384,191.0,0.3612565445026178,526.0,,,,,
NEGATIVE_MAJORITY,1,2,CONTROL_STOCK_ONLY,10:00,BASE,all,-0.3454211778496171,-0.8961528197548032,-1.8294120070341486,412.0,0.41262135922330095,1135.0,,,,,
NEGATIVE_MAJORITY,1,2,CONTROL_STOCK_ONLY,10:00,BASE,development_2021_2023,-0.32589991293720066,-0.6711144550490756,-1.7059529158575304,221.0,0.416289592760181,609.0,,,,,
NEGATIVE_MAJORITY,1,2,CONTROL_STOCK_ONLY,10:00,BASE,oos_2024_2026,-0.3660628600942557,-0.6982442512185421,-1.9534120485713626,191.0,0.4083769633507853,526.0,,,,,
NEGATIVE_MAJORITY,1,2,CONTROL_STOCK_ONLY,10:00,CONSERVATIVE,all,-0.400537100878139,-0.9323053975330149,-2.2188678869472,412.0,0.3883495145631068,1135.0,,,,,
NEGATIVE_MAJORITY,1,2,CONTROL_STOCK_ONLY,10:00,CONSERVATIVE,development_2021_2023,-0.3859321119782023,-0.735484262869511,-2.123594763297268,221.0,0.4117647058823529,609.0,,,,,
NEGATIVE_MAJORITY,1,2,CONTROL_STOCK_ONLY,10:00,CONSERVATIVE,oos_2024_2026,-0.416481384791775,-0.7527219839856687,-2.314000961759309,191.0,0.3612565445026178,526.0,,,,,
NEGATIVE_MAJORITY,1,2,PAIRED_SELECTED_MINUS_CONTROL,OPEN,BASE,all,,,,,,,335.0,-0.0012616748990425366,-0.005298731297186749,-0.004037056398144213,0.5072526998583053
NEGATIVE_MAJORITY,1,2,PAIRED_SELECTED_MINUS_CONTROL,OPEN,BASE,development_2021_2023,,,,,,,181.0,-0.00259307571836819,-0.006049979332073227,-0.0034569036137050368,0.5505650828762606
NEGATIVE_MAJORITY,1,2,PAIRED_SELECTED_MINUS_CONTROL,OPEN,BASE,oos_2024_2026,,,,,,,154.0,0.0003031533366583939,-0.0044157709444954995,-0.004718924281153894,0.47560799403261816
NEGATIVE_MAJORITY,1,2,PAIRED_SELECTED_MINUS_CONTROL,OPEN,CONSERVATIVE,all,,,,,,,335.0,-0.001260287754158619,-0.006392337925569116,-0.005132050171410497,0.5072527100077395
NEGATIVE_MAJORITY,1,2,PAIRED_SELECTED_MINUS_CONTROL,OPEN,CONSERVATIVE,development_2021_2023,,,,,,,181.0,-0.0025902247754315062,-0.007142769682227554,-0.0045525449067960475,0.5505651038841405
NEGATIVE_MAJORITY,1,2,PAIRED_SELECTED_MINUS_CONTROL,OPEN,CONSERVATIVE,oos_2024_2026,,,,,,,154.0,0.0003028200435712031,-0.005510336964821213,-0.0058131570083924155,0.4756079940326175
NEGATIVE_MAJORITY,1,2,PAIRED_SELECTED_MINUS_CONTROL,10:00,BASE,all,,,,,,,335.0,-0.00022394406471828293,-0.004530798451781727,-0.004306854387063445,0.4766411955446872
NEGATIVE_MAJORITY,1,2,PAIRED_SELECTED_MINUS_CONTROL,10:00,BASE,development_2021_2023,,,,,,,181.0,-0.0027576001173929146,-0.006145174511366178,-0.003387574393973263,0.5256881699838529
NEGATIVE_MAJORITY,1,2,PAIRED_SELECTED_MINUS_CONTROL,10:00,BASE,oos_2024_2026,,,,,,,154.0,0.002753924412775927,-0.0026333824336987072,-0.005387306846474634,0.4506715678693305
NEGATIVE_MAJORITY,1,2,PAIRED_SELECTED_MINUS_CONTROL,10:00,CONSERVATIVE,all,,,,,,,335.0,-0.00022369782150937162,-0.0056252493607542855,-0.005401551539244914,0.476641209187116
NEGATIVE_MAJORITY,1,2,PAIRED_SELECTED_MINUS_CONTROL,10:00,CONSERVATIVE,development_2021_2023,,,,,,,181.0,-0.0027545682906865944,-0.007237860200550191,-0.0044832919098635945,0.5256881864674782
NEGATIVE_MAJORITY,1,2,PAIRED_SELECTED_MINUS_CONTROL,10:00,CONSERVATIVE,oos_2024_2026,,,,,,,154.0,0.002750896690965156,-0.0037299080490461123,-0.006480804740011269,0.4506715678693306
NEGATIVE_MAJORITY,2,0,SELECTED_SYNC,OPEN,BASE,all,-0.3084612478976064,-0.8653582928588647,-2.2448671573614427,272.0,0.3235294117647059,585.0,,,,,
NEGATIVE_MAJORITY,2,0,SELECTED_SYNC,OPEN,BASE,development_2021_2023,-0.3602595314866439,-0.71643534954774,-2.5460748213311937,155.0,0.2967741935483871,340.0,,,,,
NEGATIVE_MAJORITY,2,0,SELECTED_SYNC,OPEN,BASE,oos_2024_2026,-0.25202571534368223,-0.5251816228630966,-1.898636360012352,117.0,0.358974358974359,245.0,,,,,
NEGATIVE_MAJORITY,2,0,SELECTED_SYNC,OPEN,CONSERVATIVE,all,-0.3474747596457374,-0.8984036367116817,-2.5793410512280444,272.0,0.2867647058823529,585.0,,,,,
NEGATIVE_MAJORITY,2,0,SELECTED_SYNC,OPEN,CONSERVATIVE,development_2021_2023,-0.4007704559653944,-0.756909543345243,-2.895016899296804,155.0,0.2645161290322581,340.0,,,,,
NEGATIVE_MAJORITY,2,0,SELECTED_SYNC,OPEN,CONSERVATIVE,oos_2024_2026,-0.28904922885888784,-0.582063546687857,-2.2177868589520986,117.0,0.3162393162393162,245.0,,,,,
NEGATIVE_MAJORITY,2,0,SELECTED_SYNC,10:00,BASE,all,-0.3253198120495169,-0.8841132034871924,-1.8017918386498049,272.0,0.39338235294117646,585.0,,,,,
NEGATIVE_MAJORITY,2,0,SELECTED_SYNC,10:00,BASE,development_2021_2023,-0.44392382338316394,-0.8027695400215945,-2.723030264772195,155.0,0.36129032258064514,340.0,,,,,
NEGATIVE_MAJORITY,2,0,SELECTED_SYNC,10:00,BASE,oos_2024_2026,-0.17836127790136036,-0.42670224467092344,-0.8508715154732992,117.0,0.4358974358974359,245.0,,,,,
NEGATIVE_MAJORITY,2,0,SELECTED_SYNC,10:00,CONSERVATIVE,all,-0.3633822392942879,-0.9121699071194652,-2.068006530421298,272.0,0.38235294117647056,585.0,,,,,
NEGATIVE_MAJORITY,2,0,SELECTED_SYNC,10:00,CONSERVATIVE,development_2021_2023,-0.47913679036601886,-0.8325866516497074,-3.0057544616144964,155.0,0.3548387096774194,340.0,,,,,
NEGATIVE_MAJORITY,2,0,SELECTED_SYNC,10:00,CONSERVATIVE,oos_2024_2026,-0.21903106155069052,-0.48358908734578354,-1.0942187327129613,117.0,0.4188034188034188,245.0,,,,,
NEGATIVE_MAJORITY,2,0,CONTROL_STOCK_ONLY,OPEN,BASE,all,-0.3089777499606148,-0.8740457768142508,-1.773693947957097,412.0,0.4199029126213592,1139.0,,,,,
NEGATIVE_MAJORITY,2,0,CONTROL_STOCK_ONLY,OPEN,BASE,development_2021_2023,-0.3183722524267124,-0.684859751490565,-1.873070497888285,221.0,0.42081447963800905,611.0,,,,,
NEGATIVE_MAJORITY,2,0,CONTROL_STOCK_ONLY,OPEN,BASE,oos_2024_2026,-0.3003024097712711,-0.6048647506071375,-1.6742915343918783,191.0,0.418848167539267,528.0,,,,,
NEGATIVE_MAJORITY,2,0,CONTROL_STOCK_ONLY,OPEN,CONSERVATIVE,all,-0.3671622311191223,-0.9178945345702676,-2.2052251528500406,412.0,0.3883495145631068,1139.0,,,,,
NEGATIVE_MAJORITY,2,0,CONTROL_STOCK_ONLY,OPEN,CONSERVATIVE,development_2021_2023,-0.3790748296841715,-0.7459810757990561,-2.336529519391137,221.0,0.3936651583710407,611.0,,,,,
NEGATIVE_MAJORITY,2,0,CONTROL_STOCK_ONLY,OPEN,CONSERVATIVE,oos_2024_2026,-0.35595101909393556,-0.6793907017023783,-2.0738225731154922,191.0,0.38219895287958117,528.0,,,,,
NEGATIVE_MAJORITY,2,0,CONTROL_STOCK_ONLY,10:00,BASE,all,-0.29698105764516836,-0.8601303222447539,-1.4357496382188772,412.0,0.42475728155339804,1139.0,,,,,
NEGATIVE_MAJORITY,2,0,CONTROL_STOCK_ONLY,10:00,BASE,development_2021_2023,-0.30547996378055053,-0.6639969232107993,-1.5057092937470404,221.0,0.42081447963800905,611.0,,,,,
NEGATIVE_MAJORITY,2,0,CONTROL_STOCK_ONLY,10:00,BASE,oos_2024_2026,-0.28921780746031056,-0.6137436815184092,-1.364688282248862,191.0,0.4293193717277487,528.0,,,,,
NEGATIVE_MAJORITY,2,0,CONTROL_STOCK_ONLY,10:00,CONSERVATIVE,all,-0.35617566737471995,-0.9088235018950872,-1.8150485535052243,412.0,0.39563106796116504,1139.0,,,,,
NEGATIVE_MAJORITY,2,0,CONTROL_STOCK_ONLY,10:00,CONSERVATIVE,development_2021_2023,-0.3673306679303716,-0.7297597814818222,-1.911239257005428,221.0,0.4072398190045249,611.0,,,,,
NEGATIVE_MAJORITY,2,0,CONTROL_STOCK_ONLY,10:00,CONSERVATIVE,oos_2024_2026,-0.34574800150202123,-0.6834767970690718,-1.7173882176139668,191.0,0.38219895287958117,528.0,,,,,
NEGATIVE_MAJORITY,2,0,PAIRED_SELECTED_MINUS_CONTROL,OPEN,BASE,all,,,,,,,272.0,-0.00540584060140759,-0.006730537380065803,-0.0013246967786582126,0.5881484675139579
NEGATIVE_MAJORITY,2,0,PAIRED_SELECTED_MINUS_CONTROL,OPEN,BASE,development_2021_2023,,,,,,,155.0,-0.005205066854831698,-0.007248886286173572,-0.002043819431341876,0.5644223701459926
NEGATIVE_MAJORITY,2,0,PAIRED_SELECTED_MINUS_CONTROL,OPEN,BASE,oos_2024_2026,,,,,,,117.0,-0.005671822915247449,-0.006043835837786277,-0.0003720129225388297,0.6187078573621237
NEGATIVE_MAJORITY,2,0,PAIRED_SELECTED_MINUS_CONTROL,OPEN,CONSERVATIVE,all,,,,,,,272.0,-0.005399897242783362,-0.007822570549547311,-0.0024226733067639512,0.5881484855504706
NEGATIVE_MAJORITY,2,0,PAIRED_SELECTED_MINUS_CONTROL,OPEN,CONSERVATIVE,development_2021_2023,,,,,,,155.0,-0.005199344182002977,-0.008340358669054797,-0.003141014487051821,0.5644223809035879
NEGATIVE_MAJORITY,2,0,PAIRED_SELECTED_MINUS_CONTROL,OPEN,CONSERVATIVE,oos_2024_2026,,,,,,,117.0,-0.00566558719509926,-0.007136611929686972,-0.0014710247345877134,0.6187078573621237
NEGATIVE_MAJORITY,2,0,PAIRED_SELECTED_MINUS_CONTROL,10:00,BASE,all,,,,,,,272.0,-0.00577502924301785,-0.007023601709911343,-0.0012485724668934944,0.5663501353902108
NEGATIVE_MAJORITY,2,0,PAIRED_SELECTED_MINUS_CONTROL,10:00,BASE,development_2021_2023,,,,,,,155.0,-0.007674556738442765,-0.009472475890999402,-0.0017979191525566362,0.547697882485709
NEGATIVE_MAJORITY,2,0,PAIRED_SELECTED_MINUS_CONTROL,10:00,BASE,oos_2024_2026,,,,,,,117.0,-0.003258561193523302,-0.0037793666836835747,-0.0005208054901602734,0.585403909296183
NEGATIVE_MAJORITY,2,0,PAIRED_SELECTED_MINUS_CONTROL,10:00,CONSERVATIVE,all,,,,,,,272.0,-0.005768679957150774,-0.008115312646534908,-0.002346632689384136,0.5663501632854195
NEGATIVE_MAJORITY,2,0,PAIRED_SELECTED_MINUS_CONTROL,10:00,CONSERVATIVE,development_2021_2023,,,,,,,155.0,-0.007666118998139015,-0.010561503557329464,-0.0028953845591904474,0.5476978981510211
NEGATIVE_MAJORITY,2,0,PAIRED_SELECTED_MINUS_CONTROL,10:00,CONSERVATIVE,oos_2024_2026,,,,,,,117.0,-0.0032549786635338697,-0.004874632380097681,-0.001619653716563808,0.585403909296183
NEGATIVE_MAJORITY,2,1,SELECTED_SYNC,OPEN,BASE,all,-0.3047277169213458,-0.8615835242041961,-2.2517684288936524,272.0,0.31985294117647056,585.0,,,,,
NEGATIVE_MAJORITY,2,1,SELECTED_SYNC,OPEN,BASE,development_2021_2023,-0.34692442303338356,-0.7010469465610745,-2.479633344587502,155.0,0.2838709677419355,340.0,,,,,
NEGATIVE_MAJORITY,2,1,SELECTED_SYNC,OPEN,BASE,oos_2024_2026,-0.25966542908877754,-0.5369959456725142,-1.992766668619073,117.0,0.36752136752136755,245.0,,,,,
NEGATIVE_MAJORITY,2,1,SELECTED_SYNC,OPEN,CONSERVATIVE,all,-0.3439518577255656,-0.8962202263935078,-2.591699533857114,272.0,0.27941176470588236,585.0,,,,,
NEGATIVE_MAJORITY,2,1,SELECTED_SYNC,OPEN,CONSERVATIVE,development_2021_2023,-0.3882797799000386,-0.7453491140678903,-2.8375676466177704,155.0,0.23870967741935484,340.0,,,,,
NEGATIVE_MAJORITY,2,1,SELECTED_SYNC,OPEN,CONSERVATIVE,oos_2024_2026,-0.2963107891689042,-0.5924625464128177,-2.313166146237601,117.0,0.3333333333333333,245.0,,,,,
NEGATIVE_MAJORITY,2,1,SELECTED_SYNC,10:00,BASE,all,-0.3217897556631456,-0.8841423210514134,-1.8029298701950232,272.0,0.39705882352941174,585.0,,,,,
NEGATIVE_MAJORITY,2,1,SELECTED_SYNC,10:00,BASE,development_2021_2023,-0.4323951171625674,-0.7948437396259025,-2.679782282717012,155.0,0.36129032258064514,340.0,,,,,
NEGATIVE_MAJORITY,2,1,SELECTED_SYNC,10:00,BASE,oos_2024_2026,-0.18693541932462077,-0.4384711358945974,-0.9089138992002355,117.0,0.4444444444444444,245.0,,,,,
NEGATIVE_MAJORITY,2,1,SELECTED_SYNC,10:00,CONSERVATIVE,all,-0.3600513328411382,-0.912191975193197,-2.072619041887418,272.0,0.3897058823529412,585.0,,,,,
NEGATIVE_MAJORITY,2,1,SELECTED_SYNC,10:00,CONSERVATIVE,development_2021_2023,-0.46833812792102636,-0.8258590661502658,-2.968914878934475,155.0,0.36129032258064514,340.0,,,,,
NEGATIVE_MAJORITY,2,1,SELECTED_SYNC,10:00,CONSERVATIVE,oos_2024_2026,-0.227180796884896,-0.4971136526220922,-1.1533180697402419,117.0,0.42735042735042733,245.0,,,,,
NEGATIVE_MAJORITY,2,1,CONTROL_STOCK_ONLY,OPEN,BASE,all,-0.315269251716235,-0.8770634146002039,-1.8783094388923127,412.0,0.4199029126213592,1139.0,,,,,
NEGATIVE_MAJORITY,2,1,CONTROL_STOCK_ONLY,OPEN,BASE,development_2021_2023,-0.3350605830788229,-0.6990540749160403,-2.047105426723668,221.0,0.43891402714932126,611.0,,,,,
NEGATIVE_MAJORITY,2,1,CONTROL_STOCK_ONLY,OPEN,BASE,oos_2024_2026,-0.2954614959646753,-0.596576848944818,-1.7069578172248654,191.0,0.39790575916230364,528.0,,,,,
NEGATIVE_MAJORITY,2,1,CONTROL_STOCK_ONLY,OPEN,CONSERVATIVE,all,-0.37292398471491484,-0.9198616345899999,-2.3204847536176607,412.0,0.3883495145631068,1139.0,,,,,
NEGATIVE_MAJORITY,2,1,CONTROL_STOCK_ONLY,OPEN,CONSERVATIVE,development_2021_2023,-0.39427697570792153,-0.7574224159114464,-2.5173595695386433,221.0,0.40271493212669685,611.0,,,,,
NEGATIVE_MAJORITY,2,1,CONTROL_STOCK_ONLY,OPEN,CONSERVATIVE,oos_2024_2026,-0.351495114647026,-0.6726659705112259,-2.1203558718713458,191.0,0.3717277486910995,528.0,,,,,
NEGATIVE_MAJORITY,2,1,CONTROL_STOCK_ONLY,10:00,BASE,all,-0.3034125605836422,-0.8635480345743203,-1.5150798703290924,412.0,0.42718446601941745,1139.0,,,,,
NEGATIVE_MAJORITY,2,1,CONTROL_STOCK_ONLY,10:00,BASE,development_2021_2023,-0.32201015720372017,-0.678326210669941,-1.6542072035416087,221.0,0.4343891402714932,611.0,,,,,
NEGATIVE_MAJORITY,2,1,CONTROL_STOCK_ONLY,10:00,BASE,oos_2024_2026,-0.2848785872958357,-0.6024721709106476,-1.3744572109293058,191.0,0.418848167539267,528.0,,,,,
NEGATIVE_MAJORITY,2,1,CONTROL_STOCK_ONLY,10:00,CONSERVATIVE,all,-0.362065633971169,-0.9110513975100695,-1.9020678615285345,412.0,0.40048543689320387,1139.0,,,,,
NEGATIVE_MAJORITY,2,1,CONTROL_STOCK_ONLY,10:00,CONSERVATIVE,development_2021_2023,-0.38238875968672514,-0.7412845264668142,-2.0670661019402723,221.0,0.4117647058823529,611.0,,,,,
NEGATIVE_MAJORITY,2,1,CONTROL_STOCK_ONLY,10:00,CONSERVATIVE,oos_2024_2026,-0.34175388981165133,-0.6742401982906674,-1.7351132343607438,191.0,0.387434554973822,528.0,,,,,
NEGATIVE_MAJORITY,2,1,PAIRED_SELECTED_MINUS_CONTROL,OPEN,BASE,all,,,,,,,272.0,-0.004688078548818848,-0.006637131740982696,-0.0019490531921638474,0.5746705921399022
NEGATIVE_MAJORITY,2,1,PAIRED_SELECTED_MINUS_CONTROL,OPEN,BASE,development_2021_2023,,,,,,,155.0,-0.0041505082751002115,-0.0069136565658807145,-0.0027631482907805025,0.5498820277275973
NEGATIVE_MAJORITY,2,1,PAIRED_SELECTED_MINUS_CONTROL,OPEN,BASE,oos_2024_2026,,,,,,,117.0,-0.00540024429605294,-0.00627079543449387,-0.0008705511384409305,0.6065475763080426
NEGATIVE_MAJORITY,2,1,PAIRED_SELECTED_MINUS_CONTROL,OPEN,CONSERVATIVE,all,,,,,,,272.0,-0.004682924326184359,-0.007729267607531424,-0.0030463432813470645,0.5746706095568156
NEGATIVE_MAJORITY,2,1,PAIRED_SELECTED_MINUS_CONTROL,OPEN,CONSERVATIVE,development_2021_2023,,,,,,,155.0,-0.004145945029526208,-0.008005497516003433,-0.0038595524864772253,0.5498820373547018
NEGATIVE_MAJORITY,2,1,PAIRED_SELECTED_MINUS_CONTROL,OPEN,CONSERVATIVE,oos_2024_2026,,,,,,,117.0,-0.005394307155090456,-0.007363322002290729,-0.001969014847200271,0.6065475763080432
NEGATIVE_MAJORITY,2,1,PAIRED_SELECTED_MINUS_CONTROL,10:00,BASE,all,,,,,,,272.0,-0.005061102626717502,-0.006935926696044362,-0.0018748240693268613,0.5423883069636674
NEGATIVE_MAJORITY,2,1,PAIRED_SELECTED_MINUS_CONTROL,10:00,BASE,development_2021_2023,,,,,,,155.0,-0.006629468958682157,-0.009143704986682101,-0.002514236027999944,0.5180990236572367
NEGATIVE_MAJORITY,2,1,PAIRED_SELECTED_MINUS_CONTROL,10:00,BASE,oos_2024_2026,,,,,,,117.0,-0.0029833523578754353,-0.004011092208447359,-0.0010277398505719227,0.5648946367663719
NEGATIVE_MAJORITY,2,1,PAIRED_SELECTED_MINUS_CONTROL,10:00,CONSERVATIVE,all,,,,,,,272.0,-0.005055538259961449,-0.008027734029268221,-0.0029721957693067723,0.5423883359264253
NEGATIVE_MAJORITY,2,1,PAIRED_SELECTED_MINUS_CONTROL,10:00,CONSERVATIVE,development_2021_2023,,,,,,,155.0,-0.006622180233027532,-0.010233094119124448,-0.003610913886096918,0.5180990397230787
NEGATIVE_MAJORITY,2,1,PAIRED_SELECTED_MINUS_CONTROL,10:00,CONSERVATIVE,oos_2024_2026,,,,,,,117.0,-0.002980072398207236,-0.005106103140997151,-0.002126030742789913,0.5648946367663719
NEGATIVE_MAJORITY,2,2,SELECTED_SYNC,OPEN,BASE,all,-0.2942750381265963,-0.8536286328478706,-2.179689728645838,272.0,0.30514705882352944,585.0,,,,,
NEGATIVE_MAJORITY,2,2,SELECTED_SYNC,OPEN,BASE,development_2021_2023,-0.3332905703607807,-0.6906466082438316,-2.384973840472941,155.0,0.2838709677419355,340.0,,,,,
NEGATIVE_MAJORITY,2,2,SELECTED_SYNC,OPEN,BASE,oos_2024_2026,-0.2529081359102022,-0.5268473821437882,-1.94704757629696,117.0,0.3333333333333333,245.0,,,,,
NEGATIVE_MAJORITY,2,2,SELECTED_SYNC,OPEN,CONSERVATIVE,all,-0.33408887214138305,-0.8895528071654089,-2.524905162665439,272.0,0.27941176470588236,585.0,,,,,
NEGATIVE_MAJORITY,2,2,SELECTED_SYNC,OPEN,CONSERVATIVE,development_2021_2023,-0.3755092772938433,-0.7348017210545594,-2.7495041686686403,155.0,0.25806451612903225,340.0,,,,,
NEGATIVE_MAJORITY,2,2,SELECTED_SYNC,OPEN,CONSERVATIVE,oos_2024_2026,-0.2898879710390776,-0.5835297526296787,-2.271163376665165,117.0,0.3076923076923077,245.0,,,,,
NEGATIVE_MAJORITY,2,2,SELECTED_SYNC,10:00,BASE,all,-0.31234667375940495,-0.8734287244358067,-1.7460801699666173,272.0,0.39338235294117646,585.0,,,,,
NEGATIVE_MAJORITY,2,2,SELECTED_SYNC,10:00,BASE,development_2021_2023,-0.42024515823692643,-0.7850104727602167,-2.581822041047131,155.0,0.3548387096774194,340.0,,,,,
NEGATIVE_MAJORITY,2,2,SELECTED_SYNC,10:00,BASE,oos_2024_2026,-0.18177362882621861,-0.42398924710026664,-0.8877389284614724,117.0,0.4444444444444444,245.0,,,,,
NEGATIVE_MAJORITY,2,2,SELECTED_SYNC,10:00,CONSERVATIVE,all,-0.35114098722393294,-0.9040721874852911,-2.0181914237654515,272.0,0.375,585.0,,,,,
NEGATIVE_MAJORITY,2,2,SELECTED_SYNC,10:00,CONSERVATIVE,development_2021_2023,-0.4569575529763624,-0.8175123831308855,-2.8737604795809295,155.0,0.3419354838709677,340.0,,,,,
NEGATIVE_MAJORITY,2,2,SELECTED_SYNC,10:00,CONSERVATIVE,oos_2024_2026,-0.22227450664124881,-0.48114529345601487,-1.1345261448335813,117.0,0.4188034188034188,245.0,,,,,
NEGATIVE_MAJORITY,2,2,CONTROL_STOCK_ONLY,OPEN,BASE,all,-0.3320352472179272,-0.8893302759130189,-2.040030387722359,412.0,0.39563106796116504,1139.0,,,,,
NEGATIVE_MAJORITY,2,2,CONTROL_STOCK_ONLY,OPEN,BASE,development_2021_2023,-0.32622301089646255,-0.685302480372313,-2.0229257850388542,221.0,0.4117647058823529,611.0,,,,,
NEGATIVE_MAJORITY,2,2,CONTROL_STOCK_ONLY,OPEN,BASE,oos_2024_2026,-0.3391113897969572,-0.6537254293046362,-2.0563347276802277,191.0,0.3769633507853403,528.0,,,,,
NEGATIVE_MAJORITY,2,2,CONTROL_STOCK_ONLY,OPEN,CONSERVATIVE,all,-0.38827827350337707,-0.927858002889341,-2.4858484287769302,412.0,0.3737864077669903,1139.0,,,,,
NEGATIVE_MAJORITY,2,2,CONTROL_STOCK_ONLY,OPEN,CONSERVATIVE,development_2021_2023,-0.3862264363452753,-0.7463379375924524,-2.5032261678614844,221.0,0.38461538461538464,611.0,,,,,
NEGATIVE_MAJORITY,2,2,CONTROL_STOCK_ONLY,OPEN,CONSERVATIVE,oos_2024_2026,-0.3916734288672441,-0.7190358306439768,-2.4675704128471243,191.0,0.3612565445026178,528.0,,,,,
NEGATIVE_MAJORITY,2,2,CONTROL_STOCK_ONLY,10:00,BASE,all,-0.3205279350797213,-0.8771668214236389,-1.6592715639336155,412.0,0.41262135922330095,1139.0,,,,,
NEGATIVE_MAJORITY,2,2,CONTROL_STOCK_ONLY,10:00,BASE,development_2021_2023,-0.3130613198485859,-0.6628684712827198,-1.6223718302151746,221.0,0.416289592760181,611.0,,,,,
NEGATIVE_MAJORITY,2,2,CONTROL_STOCK_ONLY,10:00,BASE,oos_2024_2026,-0.32924022034640454,-0.6510655929941309,-1.6955607481325208,191.0,0.4083769633507853,528.0,,,,,
NEGATIVE_MAJORITY,2,2,CONTROL_STOCK_ONLY,10:00,CONSERVATIVE,all,-0.37773988383655577,-0.9199290421381704,-2.051140465906905,412.0,0.3883495145631068,1139.0,,,,,
NEGATIVE_MAJORITY,2,2,CONTROL_STOCK_ONLY,10:00,CONSERVATIVE,development_2021_2023,-0.3742368639068835,-0.7288521912938226,-2.0418329522517404,221.0,0.4117647058823529,611.0,,,,,
NEGATIVE_MAJORITY,2,2,CONTROL_STOCK_ONLY,10:00,CONSERVATIVE,oos_2024_2026,-0.382587336941586,-0.7140607652646973,-2.0593307381736663,191.0,0.3612565445026178,528.0,,,,,
NEGATIVE_MAJORITY,2,2,PAIRED_SELECTED_MINUS_CONTROL,OPEN,BASE,all,,,,,,,272.0,-0.003832457621123796,-0.006359792200917541,-0.0025273345797937443,0.5506417088792073
NEGATIVE_MAJORITY,2,2,PAIRED_SELECTED_MINUS_CONTROL,OPEN,BASE,development_2021_2023,,,,,,,155.0,-0.003883912297804919,-0.0065726101408731235,-0.002688697843068204,0.5061095850852957
NEGATIVE_MAJORITY,2,2,PAIRED_SELECTED_MINUS_CONTROL,OPEN,BASE,oos_2024_2026,,,,,,,117.0,-0.0037642911691103437,-0.0060778539043951875,-0.0023135627352848438,0.6038634410765898
NEGATIVE_MAJORITY,2,2,PAIRED_SELECTED_MINUS_CONTROL,OPEN,CONSERVATIVE,all,,,,,,,272.0,-0.0038282440910528794,-0.007452232985134827,-0.003623988894081947,0.5506417200127386
NEGATIVE_MAJORITY,2,2,PAIRED_SELECTED_MINUS_CONTROL,OPEN,CONSERVATIVE,development_2021_2023,,,,,,,155.0,-0.0038796421623627864,-0.007664826052967666,-0.0037851838906048773,0.5061095972900214
NEGATIVE_MAJORITY,2,2,PAIRED_SELECTED_MINUS_CONTROL,OPEN,CONSERVATIVE,oos_2024_2026,,,,,,,117.0,-0.003760152629061122,-0.007170592596125513,-0.00341043996706439,0.603863441076589
NEGATIVE_MAJORITY,2,2,PAIRED_SELECTED_MINUS_CONTROL,10:00,BASE,all,,,,,,,272.0,-0.004223892647439784,-0.006679399443316775,-0.0024555067958769885,0.5274793125061853
NEGATIVE_MAJORITY,2,2,PAIRED_SELECTED_MINUS_CONTROL,10:00,BASE,development_2021_2023,,,,,,,155.0,-0.006350876561281789,-0.008790515762227188,-0.0024396392009453966,0.4926854977457488
NEGATIVE_MAJORITY,2,2,PAIRED_SELECTED_MINUS_CONTROL,10:00,BASE,oos_2024_2026,,,,,,,117.0,-0.0014060934453414028,-0.0038826214139910126,-0.0024765279686496107,0.5643407348525032
NEGATIVE_MAJORITY,2,2,PAIRED_SELECTED_MINUS_CONTROL,10:00,CONSERVATIVE,all,,,,,,,272.0,-0.004219248732015373,-0.007771488812893033,-0.0035522400808776617,0.5274793382499546
NEGATIVE_MAJORITY,2,2,PAIRED_SELECTED_MINUS_CONTROL,10:00,CONSERVATIVE,development_2021_2023,,,,,,,155.0,-0.006343894135132509,-0.009880293206943383,-0.0035363990718108767,0.49268551591874266
NEGATIVE_MAJORITY,2,2,PAIRED_SELECTED_MINUS_CONTROL,10:00,CONSERVATIVE,oos_2024_2026,,,,,,,117.0,-0.0014045475569456642,-0.004977773590005819,-0.003573226033060155,0.5643407348525031
