SH600000	2014-01-02	2026-09-03
SH600004	2014-01-02	2017-01-02
SH600004	2018-01-02	2021-08-01
SH600004	2024-01-02	2026-09-03
SH600005	2015-07-01	2017-02-28
SH600006	2014-01-02	2023-07-02
SH600007	2025-01-02	2026-06-30
SH600008	2014-01-02	2026-09-03
SH600009	2014-01-02	2026-09-03
SH600010	2014-01-02	2026-09-03
SH600011	2014-01-02	2017-01-02
SH600011	2018-01-02	2026-09-03
SH600015	2014-01-02	2026-09-03
SH600016	2014-01-02	2026-09-03
SH600017	2014-01-02	2021-01-03
SH600018	2014-01-02	2026-09-03
SH600019	2014-01-02	2026-09-03
SH600021	2014-01-02	2026-09-03
SH600022	2016-01-04	2025-01-01
SH600023	2014-07-01	2020-06-30
SH600023	2024-01-02	2026-09-03
SH600025	2018-07-02	2026-09-03
SH600026	2014-01-02	2023-07-02
SH600026	2024-07-01	2026-09-03
SH600027	2014-01-02	2017-01-02
SH600027	2019-01-02	2024-01-01
SH600027	2024-07-01	2026-09-03
SH600028	2014-01-02	2026-09-03
SH600029	2014-01-02	2026-09-03
SH600030	2014-01-02	2026-09-03
SH600031	2014-01-02	2026-09-03
SH600032	2023-04-03	2026-09-03
SH600036	2014-01-02	2026-09-03
SH600037	2014-01-02	2016-01-03
SH600037	2016-07-01	2023-04-02
SH600038	2014-01-02	2026-09-03
SH600039	2014-01-02	2026-09-03
SH600048	2014-01-02	2026-09-03
SH600050	2014-01-02	2026-09-03
SH600053	2016-07-01	2021-08-01
SH600054	2014-01-02	2015-01-04
SH600056	2014-01-02	2026-01-04
SH600058	2014-01-02	2021-01-03
SH600059	2014-01-02	2018-07-01
SH600060	2014-01-02	2026-09-03
SH600061	2016-07-01	2026-09-03
SH600062	2014-01-02	2026-09-03
SH600063	2014-01-02	2014-06-30
SH600064	2014-01-02	2023-07-02
SH600066	2014-01-02	2026-09-03
SH600067	2014-01-02	2017-07-02
SH600068	2014-01-02	2021-10-07
SH600069	2014-01-02	2014-06-30
SH600073	2014-01-02	2021-08-01
SH600074	2016-01-04	2018-07-01
SH600078	2014-01-02	2015-06-30
SH600079	2014-01-02	2026-02-01
SH600085	2014-01-02	2026-09-03
SH600086	2014-01-02	2019-06-30
SH600088	2014-01-02	2017-07-02
SH600089	2014-01-02	2022-02-06
SH600089	2022-07-01	2026-09-03
SH600094	2014-01-02	2015-01-04
SH600094	2016-01-04	2022-02-06
SH600095	2021-08-02	2026-09-03
SH600096	2014-01-02	2015-01-04
SH600096	2022-07-01	2026-06-30
SH600098	2015-01-05	2015-06-30
SH600098	2016-07-01	2020-06-30
SH600098	2024-07-01	2026-09-03
SH600100	2014-01-02	2020-06-30
SH600100	2026-07-01	2026-09-03
SH600104	2014-01-02	2026-09-03
SH600105	2026-07-01	2026-09-03
SH600106	2014-01-02	2014-06-30
SH600108	2014-01-02	2019-01-01
SH600109	2014-01-02	2026-09-03
SH600110	2014-01-02	2016-01-03
SH600111	2014-01-02	2026-09-03
SH600112	2014-01-02	2017-07-02
SH600115	2014-01-02	2026-09-03
SH600117	2014-01-02	2014-06-30
SH600118	2014-01-02	2026-09-03
SH600120	2014-01-02	2023-04-02
SH600121	2014-01-02	2014-06-30
SH600122	2014-01-02	2019-06-30
SH600123	2014-01-02	2015-01-04
SH600125	2014-01-02	2021-01-03
SH600126	2017-07-03	2026-09-03
SH600129	2024-01-02	2025-06-30
SH600131	2021-01-04	2026-09-03
SH600132	2014-01-02	2017-01-02
SH600132	2020-01-02	2026-09-03
SH600138	2014-01-02	2021-01-03
SH600139	2014-01-02	2015-01-04
SH600141	2014-01-02	2026-09-03
SH600143	2014-01-02	2026-09-03
SH600150	2014-01-02	2018-01-01
SH600150	2020-01-02	2020-06-30
SH600150	2021-01-04	2026-09-03
SH600151	2014-01-02	2020-01-01
SH600153	2014-01-02	2026-09-03
SH600155	2018-01-02	2026-01-04
SH600157	2014-01-02	2019-06-30
SH600157	2022-02-07	2026-09-03
SH600158	2014-01-02	2022-06-30
SH600160	2014-01-02	2024-06-30
SH600160	2025-01-02	2026-09-03
SH600161	2014-01-02	2026-09-03
SH600162	2014-01-02	2015-06-30
SH600166	2014-01-02	2026-09-03
SH600167	2018-07-02	2024-06-30
SH600169	2014-07-01	2020-01-01
SH600170	2014-01-02	2026-09-03
SH600171	2014-01-02	2024-01-01
SH600171	2025-07-01	2026-09-03
SH600175	2014-07-01	2017-07-02
SH600176	2014-01-02	2026-09-03
SH600177	2014-01-02	2026-09-03
SH600179	2018-01-02	2020-01-01
SH600180	2014-01-02	2017-07-02
SH600183	2014-01-02	2026-09-03
SH600184	2014-01-02	2019-06-30
SH600187	2014-07-01	2019-01-01
SH600188	2014-01-02	2026-09-03
SH600195	2014-01-02	2024-01-01
SH600196	2014-01-02	2026-09-03
SH600197	2014-01-02	2015-06-30
SH600198	2014-01-02	2018-01-01
SH600199	2014-01-02	2016-01-03
SH600200	2014-01-02	2018-01-01
SH600201	2014-07-01	2023-07-02
SH600208	2014-01-02	2026-09-03
SH600216	2014-01-02	2023-07-02
SH600219	2014-01-02	2022-02-06
SH600219	2022-07-01	2026-09-03
SH600220	2014-01-02	2018-01-01
SH600221	2014-01-02	2021-01-03
SH600221	2026-07-01	2026-09-03
SH600223	2014-01-02	2014-06-30
SH600233	2017-07-03	2026-09-03
SH600236	2014-01-02	2014-06-30
SH600236	2016-01-04	2017-01-02
SH600236	2022-02-07	2023-04-02
SH600239	2014-01-02	2015-06-30
SH600240	2014-01-02	2019-06-30
SH600251	2014-01-02	2018-01-01
SH600252	2014-01-02	2017-07-02
SH600256	2014-01-02	2019-06-30
SH600256	2020-01-02	2023-04-02
SH600256	2026-07-01	2026-09-03
SH600258	2018-07-02	2026-01-04
SH600259	2014-01-02	2024-01-01
SH600260	2014-01-02	2021-10-07
SH600261	2014-01-02	2016-01-03
SH600266	2014-01-02	2015-06-30
SH600266	2016-07-01	2022-06-30
SH600267	2014-01-02	2020-01-01
SH600268	2014-01-02	2015-01-04
SH600269	2014-01-02	2014-06-30
SH600270	2014-01-02	2019-01-31
SH600271	2014-01-02	2026-01-04
SH600273	2020-01-02	2021-08-01
SH600276	2014-01-02	2026-09-03
SH600277	2014-01-02	2016-01-03
SH600277	2016-07-01	2021-08-01
SH600280	2014-01-02	2020-01-01
SH600282	2016-01-04	2026-09-03
SH600284	2014-01-02	2018-07-01
SH600289	2014-01-02	2018-07-01
SH600291	2017-01-03	2021-08-01
SH600292	2014-01-02	2019-01-01
SH600292	2026-07-01	2026-09-03
SH600295	2025-01-02	2026-09-03
SH600297	2017-01-03	2021-08-01
SH600297	2021-10-08	2024-01-01
SH600298	2014-01-02	2021-01-03
SH600298	2022-02-07	2026-09-03
SH600299	2019-07-01	2026-09-03
SH600300	2014-01-02	2019-01-01
SH600307	2017-01-03	2023-07-02
SH600308	2014-01-02	2014-06-30
SH600309	2014-01-02	2026-09-03
SH600311	2014-01-02	2015-01-04
SH600312	2014-01-02	2022-02-06
SH600312	2025-01-02	2026-09-03
SH600315	2014-01-02	2016-06-30
SH600315	2017-01-03	2025-01-01
SH600316	2014-01-02	2026-09-03
SH600317	2015-01-05	2017-01-02
SH600317	2018-01-02	2019-01-01
SH600317	2019-07-01	2020-06-30
SH600320	2014-01-02	2017-01-02
SH600322	2014-01-02	2015-01-04
SH600325	2014-01-02	2026-01-04
SH600329	2014-01-02	2026-09-03
SH600332	2014-01-02	2026-09-03
SH600333	2014-01-02	2015-06-30
SH600335	2014-01-02	2021-01-03
SH600337	2014-01-02	2016-06-30
SH600338	2017-01-03	2021-08-01
SH600339	2018-07-02	2026-09-03
SH600340	2014-01-02	2022-02-06
SH600346	2018-01-02	2026-09-03
SH600348	2014-01-02	2026-09-03
SH600350	2016-01-04	2016-06-30
SH600350	2018-07-02	2025-06-30
SH600350	2026-07-01	2026-09-03
SH600351	2014-01-02	2017-07-02
SH600352	2014-01-02	2026-09-03
SH600361	2024-07-01	2026-01-04
SH600362	2014-01-02	2026-09-03
SH600363	2025-07-01	2026-09-03
SH600366	2014-01-02	2019-06-30
SH600369	2014-01-02	2026-09-03
SH600372	2014-01-02	2026-09-03
SH600373	2014-01-02	2014-06-30
SH600373	2015-01-05	2026-01-04
SH600376	2014-01-02	2023-07-02
SH600377	2021-08-02	2026-09-03
SH600378	2023-04-03	2026-09-03
SH600380	2014-01-02	2026-09-03
SH600383	2014-01-02	2024-01-01
SH600387	2014-01-02	2016-01-03
SH600388	2014-01-02	2014-06-30
SH600388	2016-01-04	2022-02-06
SH600389	2014-07-01	2016-01-03
SH600390	2018-01-02	2026-09-03
SH600392	2014-01-02	2026-09-03
SH600393	2018-01-02	2020-01-01
SH600395	2014-01-02	2019-01-01
SH600397	2014-01-02	2017-07-02
SH600398	2014-07-01	2017-01-02
SH600398	2018-07-02	2026-09-03
SH600399	2022-02-07	2025-01-01
SH600401	2014-01-02	2015-06-30
SH600403	2014-01-02	2015-01-04
SH600403	2015-07-01	2016-01-03
SH600406	2014-01-02	2026-09-03
SH600408	2014-01-02	2014-06-30
SH600409	2014-01-02	2024-01-01
SH600410	2014-01-02	2022-02-06
SH600415	2014-01-02	2026-09-03
SH600416	2014-01-02	2020-01-01
SH600416	2023-07-03	2025-06-30
SH600418	2014-01-02	2025-06-30
SH600422	2014-01-02	2019-01-01
SH600425	2014-01-02	2017-07-02
SH600426	2014-01-02	2026-09-03
SH600428	2014-01-02	2021-01-03
SH600429	2014-01-02	2016-06-30
SH600432	2014-07-01	2015-06-30
SH600433	2015-01-05	2017-07-02
SH600435	2014-01-02	2026-09-03
SH600436	2014-01-02	2026-09-03
SH600438	2014-01-02	2015-06-30
SH600438	2018-01-02	2026-09-03
SH600439	2014-01-02	2015-06-30
SH600446	2015-07-01	2016-01-03
SH600446	2016-07-01	2018-01-01
SH600446	2020-01-02	2023-04-02
SH600449	2014-01-02	2015-01-04
SH600456	2014-01-02	2017-01-02
SH600458	2014-01-02	2020-01-01
SH600460	2014-01-02	2022-02-06
SH600460	2022-07-01	2026-09-03
SH600466	2016-07-01	2022-06-30
SH600467	2014-01-02	2015-06-30
SH600468	2014-01-02	2017-07-02
SH600469	2014-01-02	2014-06-30
SH600470	2014-01-02	2014-06-30
SH600478	2014-01-02	2021-01-03
SH600479	2014-01-02	2015-01-04
SH600481	2014-01-02	2019-01-01
SH600481	2023-07-03	2025-01-01
SH600482	2014-01-02	2024-06-30
SH600482	2025-01-02	2026-09-03
SH600483	2016-01-04	2017-07-02
SH600483	2024-07-01	2026-09-03
SH600485	2015-01-05	2018-07-01
SH600486	2019-07-01	2026-09-03
SH600487	2014-01-02	2018-01-01
SH600487	2018-07-02	2024-01-01
SH600487	2025-01-02	2026-06-30
SH600488	2014-01-02	2016-01-03
SH600489	2014-01-02	2026-09-03
SH600490	2014-01-02	2015-06-30
SH600491	2014-01-02	2015-01-04
SH600496	2014-01-02	2018-01-01
SH600497	2014-01-02	2017-07-02
SH600497	2019-07-01	2026-09-03
SH600498	2014-01-02	2026-09-03
SH600499	2014-01-02	2014-06-30
SH600499	2015-01-05	2020-06-30
SH600499	2022-07-01	2026-09-03
SH600500	2014-01-02	2015-01-04
SH600500	2015-07-01	2025-06-30
SH600503	2014-01-02	2015-01-04
SH600503	2016-01-04	2019-06-30
SH600507	2014-01-02	2017-01-02
SH600507	2019-01-02	2024-01-01
SH600508	2014-01-02	2015-01-04
SH600509	2014-01-02	2017-01-02
SH600510	2014-01-02	2017-01-02
SH600511	2014-01-02	2026-09-03
SH600515	2019-07-01	2021-03-31
SH600515	2024-01-02	2026-09-03
SH600516	2014-01-02	2026-09-03
SH600517	2014-01-02	2019-01-01
SH600517	2021-01-04	2026-09-03
SH600518	2014-01-02	2019-06-30
SH600519	2014-01-02	2026-09-03
SH600521	2014-01-02	2019-01-01
SH600521	2019-07-01	2021-01-03
SH600521	2021-08-02	2026-09-03
SH600522	2014-01-02	2023-04-02
SH600522	2026-01-05	2026-09-03
SH600525	2014-01-02	2020-01-01
SH600528	2014-01-02	2018-01-01
SH600528	2018-07-02	2026-06-30
SH600529	2020-07-01	2026-01-04
SH600531	2014-01-02	2014-06-30
SH600533	2014-01-02	2014-06-30
SH600535	2014-01-02	2026-09-03
SH600536	2014-07-01	2020-06-30
SH600536	2021-08-02	2026-09-03
SH600537	2014-01-02	2018-01-01
SH600545	2014-01-02	2021-08-01
SH600546	2014-01-02	2016-06-30
SH600546	2021-01-04	2026-09-03
SH600547	2014-01-02	2026-09-03
SH600549	2014-01-02	2016-06-30
SH600549	2017-01-03	2026-09-03
SH600551	2014-01-02	2018-01-01
SH600556	2021-01-04	2024-01-01
SH600557	2014-01-02	2021-01-03
SH600562	2025-07-01	2026-09-03
SH600563	2014-01-02	2026-09-03
SH600565	2016-07-01	2021-01-03
SH600566	2014-07-01	2015-01-04
SH600566	2015-07-01	2016-06-30
SH600566	2017-07-03	2018-07-01
SH600566	2019-01-02	2026-09-03
SH600567	2019-01-02	2023-07-02
SH600570	2014-01-02	2026-09-03
SH600572	2014-01-02	2023-04-02
SH600575	2014-01-02	2017-07-02
SH600575	2018-01-02	2021-08-01
SH600578	2015-01-05	2017-01-02
SH600578	2018-01-02	2019-01-01
SH600578	2024-07-01	2026-09-03
SH600580	2014-01-02	2026-06-30
SH600581	2014-01-02	2014-06-30
SH600582	2014-01-02	2015-06-30
SH600582	2016-07-01	2026-09-03
SH600583	2014-01-02	2021-01-03
SH600583	2024-01-02	2026-09-03
SH600584	2014-01-02	2020-06-30
SH600584	2021-01-04	2026-09-03
SH600585	2014-01-02	2026-09-03
SH600586	2014-01-02	2018-01-01
SH600587	2014-01-02	2018-07-01
SH600588	2014-01-02	2026-09-03
SH600589	2014-01-02	2014-06-30
SH600594	2014-01-02	2014-06-30
SH600594	2015-07-01	2019-06-30
SH600595	2014-01-02	2014-06-30
SH600595	2026-07-01	2026-09-03
SH600596	2014-01-02	2018-01-01
SH600597	2014-01-02	2024-06-30
SH600598	2014-01-02	2014-06-30
SH600598	2018-01-02	2026-09-03
SH600600	2014-01-02	2019-06-30
SH600600	2021-01-04	2026-09-03
SH600601	2014-01-02	2017-07-02
SH600601	2026-01-05	2026-09-03
SH600602	2026-01-05	2026-09-03
SH600606	2016-07-01	2024-06-30
SH600606	2025-01-02	2026-09-03
SH600611	2014-01-02	2020-01-01
SH600612	2014-01-02	2015-06-30
SH600612	2024-07-01	2026-01-04
SH600614	2014-01-02	2019-06-30
SH600616	2014-01-02	2015-06-30
SH600617	2015-07-01	2017-01-02
SH600618	2014-01-02	2019-06-30
SH600623	2016-07-01	2017-01-02
SH600623	2018-01-02	2024-01-01
SH600628	2014-01-02	2018-07-01
SH600633	2014-07-01	2022-02-06
SH600635	2014-01-02	2019-01-01
SH600636	2014-01-02	2016-01-03
SH600637	2014-01-02	2026-09-03
SH600639	2014-01-02	2022-06-30
SH600640	2014-01-02	2022-02-06
SH600642	2014-01-02	2017-01-02
SH600642	2017-07-03	2025-06-30
SH600642	2026-01-05	2026-09-03
SH600643	2014-01-02	2022-06-30
SH600645	2014-01-02	2022-02-06
SH600648	2014-01-02	2023-07-02
SH600649	2014-01-02	2022-06-30
SH600651	2014-01-02	2019-01-01
SH600654	2014-01-02	2016-06-30
SH600654	2017-01-03	2017-07-02
SH600655	2014-01-02	2019-06-30
SH600655	2020-01-02	2026-09-03
SH600657	2014-01-02	2022-06-30
SH600660	2014-01-02	2026-09-03
SH600663	2014-01-02	2019-01-01
SH600663	2019-07-01	2020-06-30
SH600663	2021-08-02	2026-09-03
SH600664	2014-01-02	2021-08-01
SH600666	2016-07-01	2017-07-02
SH600667	2020-07-01	2024-01-01
SH600673	2014-01-02	2026-06-30
SH600674	2014-01-02	2021-01-03
SH600674	2023-04-03	2026-09-03
SH600675	2014-01-02	2016-01-03
SH600675	2020-07-01	2021-08-01
SH600682	2016-07-01	2019-01-01
SH600683	2014-01-02	2015-01-04
SH600685	2014-01-02	2016-01-03
SH600685	2016-07-01	2018-07-01
SH600685	2025-01-02	2026-09-03
SH600687	2016-07-01	2019-06-30
SH600688	2014-01-02	2020-01-01
SH600688	2025-01-02	2026-09-03
SH600690	2014-01-02	2026-09-03
SH600694	2014-01-02	2021-01-03
SH600699	2014-01-02	2018-01-01
SH600699	2019-01-02	2026-09-03
SH600702	2014-01-02	2016-01-03
SH600703	2014-01-02	2022-02-06
SH600704	2014-01-02	2026-09-03
SH600705	2014-01-02	2024-01-01
SH600707	2019-07-01	2026-09-03
SH600711	2026-07-01	2026-09-03
SH600717	2014-01-02	2014-06-30
SH600717	2015-07-01	2023-04-02
SH600718	2014-01-02	2024-01-01
SH600720	2014-01-02	2018-01-01
SH600720	2025-01-02	2026-06-30
SH600723	2014-01-02	2015-01-04
SH600724	2014-01-02	2015-01-04
SH600728	2020-01-02	2023-07-02
SH600729	2014-01-02	2022-06-30
SH600732	2021-08-02	2023-04-02
SH600732	2023-07-03	2025-01-01
SH600733	2019-07-01	2022-06-30
SH600736	2014-01-02	2018-01-01
SH600737	2014-01-02	2016-01-03
SH600737	2016-07-01	2026-09-03
SH600739	2014-01-02	2026-06-30
SH600740	2014-01-02	2015-06-30
SH600741	2014-01-02	2026-09-03
SH600743	2014-01-02	2019-06-30
SH600745	2019-07-01	2025-06-30
SH600747	2014-01-02	2016-01-03
SH600748	2014-01-02	2021-08-01
SH600750	2014-01-02	2020-01-01
SH600751	2016-01-04	2021-01-03
SH600754	2014-01-02	2022-06-30
SH600754	2023-07-03	2026-09-03
SH600755	2014-01-02	2025-06-30
SH600757	2014-01-02	2021-01-03
SH600759	2014-01-02	2020-06-30
SH600760	2018-07-02	2026-09-03
SH600761	2014-01-02	2017-01-02
SH600763	2019-07-01	2020-06-30
SH600763	2021-01-04	2024-01-01
SH600763	2024-07-01	2026-09-03
SH600764	2021-04-01	2026-09-03
SH600765	2014-01-02	2026-09-03
SH600770	2014-01-02	2021-01-03
SH600773	2014-01-02	2019-06-30
SH600776	2014-01-02	2018-07-01
SH600776	2020-01-02	2022-06-30
SH600777	2018-07-02	2021-01-03
SH600779	2019-01-02	2022-02-06
SH600780	2014-01-02	2016-06-30
SH600782	2019-01-02	2024-01-01
SH600783	2014-01-02	2017-07-02
SH600787	2014-01-02	2023-07-02
SH600790	2014-01-02	2018-01-01
SH600795	2014-01-02	2026-09-03
SH600797	2014-01-02	2016-06-30
SH600801	2014-01-02	2026-09-03
SH600803	2014-07-01	2016-06-30
SH600803	2021-08-02	2022-06-30
SH600803	2023-04-03	2026-09-03
SH600804	2014-01-02	2022-02-06
SH600805	2014-01-02	2018-01-01
SH600808	2015-07-01	2026-09-03
SH600809	2014-01-02	2018-01-01
SH600809	2018-07-02	2026-09-03
SH600811	2014-01-02	2023-04-02
SH600812	2014-01-02	2017-01-02
SH600815	2014-01-02	2015-01-04
SH600816	2014-01-02	2020-06-30
SH600816	2024-07-01	2026-09-03
SH600820	2014-01-02	2015-06-30
SH600820	2016-01-04	2026-09-03
SH600823	2014-07-01	2017-07-02
SH600823	2018-01-02	2023-04-02
SH600825	2014-01-02	2017-07-02
SH600826	2014-01-02	2018-07-01
SH600827	2014-01-02	2025-01-01
SH600829	2014-01-02	2014-06-30
SH600830	2014-01-02	2015-06-30
SH600831	2014-01-02	2018-01-01
SH600832	2014-01-02	2015-05-31
SH600835	2014-01-02	2023-04-02
SH600837	2014-01-02	2025-03-31
SH600839	2014-01-02	2026-01-04
SH600841	2014-01-02	2014-06-30
SH600844	2014-01-02	2015-06-30
SH600845	2019-07-01	2026-09-03
SH600848	2017-03-01	2026-09-03
SH600850	2014-01-02	2017-07-02
SH600851	2014-01-02	2017-07-02
SH600858	2014-01-02	2015-01-04
SH600859	2014-01-02	2026-01-04
SH600862	2017-01-03	2026-09-03
SH600863	2014-01-02	2026-09-03
SH600864	2014-01-02	2017-07-02
SH600867	2014-07-01	2017-07-02
SH600867	2018-07-02	2026-01-04
SH600869	2014-01-02	2021-08-01
SH600871	2016-07-01	2018-07-01
SH600871	2021-01-04	2026-09-03
SH600872	2014-01-02	2020-01-01
SH600872	2021-01-04	2022-06-30
SH600872	2024-07-01	2026-01-04
SH600873	2014-01-02	2017-07-02
SH600873	2023-04-03	2026-09-03
SH600874	2014-01-02	2021-01-03
SH600875	2014-01-02	2017-07-02
SH600875	2018-01-02	2023-04-02
SH600875	2023-07-03	2026-09-03
SH600879	2014-01-02	2026-09-03
SH600880	2014-01-02	2018-07-01
SH600881	2014-01-02	2022-02-06
SH600884	2014-01-02	2022-06-30
SH600884	2023-04-03	2026-09-03
SH600885	2014-01-02	2016-06-30
SH600885	2018-01-02	2026-09-03
SH600886	2014-01-02	2026-09-03
SH600887	2014-01-02	2026-09-03
SH600888	2014-01-02	2015-01-04
SH600893	2014-01-02	2026-09-03
SH600894	2014-01-02	2018-07-01
SH600895	2014-01-02	2026-01-04
SH600900	2014-01-02	2026-09-03
SH600901	2019-01-02	2026-09-03
SH600903	2019-07-01	2022-06-30
SH600905	2022-02-07	2026-09-03
SH600906	2022-02-07	2026-09-03
SH600908	2018-01-02	2022-06-30
SH600909	2017-07-03	2026-09-03
SH600917	2015-07-01	2023-07-02
SH600918	2021-01-04	2026-09-03
SH600919	2017-07-03	2026-09-03
SH600925	2024-01-02	2026-01-04
SH600926	2017-07-03	2026-09-03
SH600927	2022-07-01	2026-09-03
SH600928	2020-01-02	2026-01-04
SH600930	2026-01-05	2026-09-03
SH600936	2017-07-03	2019-01-01
SH600938	2024-01-02	2026-09-03
SH600939	2018-01-02	2020-06-30
SH600941	2022-07-01	2026-09-03
SH600956	2021-04-01	2026-01-04
SH600958	2015-07-01	2026-09-03
SH600959	2016-01-04	2026-06-30
SH600963	2014-01-02	2015-01-04
SH600967	2014-07-01	2025-01-01
SH600967	2026-01-05	2026-09-03
SH600968	2020-01-02	2026-09-03
SH600970	2014-01-02	2026-09-03
SH600971	2014-01-02	2020-01-01
SH600977	2017-07-03	2021-01-03
SH600977	2024-01-02	2026-09-03
SH600978	2014-01-02	2020-01-01
SH600981	2017-01-03	2017-07-02
SH600983	2014-01-02	2016-01-03
SH600985	2019-07-01	2025-01-01
SH600985	2025-07-01	2026-09-03
SH600988	2021-08-02	2026-09-03
SH600989	2020-01-02	2026-09-03
SH600993	2014-01-02	2020-01-01
SH600995	2023-07-03	2026-09-03
SH600996	2017-07-03	2021-01-03
SH600997	2014-01-02	2016-06-30
SH600998	2014-07-01	2017-01-02
SH600998	2019-01-02	2026-09-03
SH600999	2014-01-02	2026-09-03
SH601000	2014-01-02	2026-09-03
SH601001	2014-01-02	2014-06-30
SH601001	2015-01-05	2020-06-30
SH601001	2025-01-02	2026-09-03
SH601002	2014-01-02	2018-07-01
SH601003	2019-01-02	2023-04-02
SH601005	2015-07-01	2017-01-02
SH601005	2019-01-02	2024-01-01
SH601006	2014-01-02	2026-09-03
SH601009	2014-01-02	2026-09-03
SH601010	2014-01-02	2017-07-02
SH601011	2014-01-02	2015-06-30
SH601012	2014-07-01	2026-09-03
SH601016	2016-01-04	2026-09-03
SH601018	2014-01-02	2021-01-03
SH601018	2026-01-05	2026-09-03
SH601019	2018-07-02	2021-01-03
SH601019	2024-07-01	2026-09-03
SH601020	2017-07-03	2019-06-30
SH601021	2015-07-01	2026-09-03
SH601058	2022-07-01	2025-01-01
SH601058	2025-04-01	2026-09-03
SH601059	2024-01-02	2026-09-03
SH601061	2024-01-02	2024-06-30
SH601061	2025-01-02	2026-06-30
SH601066	2019-01-02	2026-09-03
SH601068	2019-07-01	2022-02-06
SH601077	2020-07-01	2025-01-01
SH601077	2025-07-01	2026-09-03
SH601088	2014-01-02	2026-09-03
SH601098	2014-01-02	2017-01-02
SH601098	2018-07-02	2026-09-03
SH601099	2014-01-02	2019-01-01
SH601099	2020-01-02	2022-02-06
SH601099	2025-01-02	2026-09-03
SH601100	2014-01-02	2015-01-04
SH601100	2019-01-02	2026-09-03
SH601101	2014-01-02	2016-06-30
SH601106	2014-01-02	2014-06-30
SH601106	2015-07-01	2017-01-02
SH601106	2019-01-02	2026-09-03
SH601108	2018-07-02	2026-09-03
SH601111	2014-01-02	2026-09-03
SH601112	2026-07-01	2026-09-03
SH601117	2014-01-02	2017-01-02
SH601117	2017-07-03	2026-09-03
SH601118	2014-01-02	2018-07-01
SH601118	2019-07-01	2026-09-03
SH601126	2014-01-02	2017-01-02
SH601127	2017-01-03	2022-02-06
SH601127	2025-01-02	2026-09-03
SH601128	2018-01-02	2026-09-03
SH601136	2023-07-03	2024-01-01
SH601136	2025-01-02	2026-09-03
SH601138	2019-01-02	2026-09-03
SH601139	2014-01-02	2015-01-04
SH601139	2015-07-01	2016-06-30
SH601139	2019-07-01	2026-09-03
SH601155	2016-07-01	2026-09-03
SH601156	2022-02-07	2026-09-03
SH601158	2014-01-02	2016-06-30
SH601158	2023-04-03	2026-01-04
SH601162	2019-07-01	2026-09-03
SH601163	2017-07-03	2018-07-01
SH601166	2014-01-02	2026-09-03
SH601168	2014-01-02	2026-06-30
SH601169	2014-01-02	2026-09-03
SH601179	2014-07-01	2017-01-02
SH601179	2018-07-02	2026-09-03
SH601186	2014-01-02	2026-09-03
SH601187	2021-08-02	2024-06-30
SH601198	2016-01-04	2026-09-03
SH601200	2018-01-02	2023-04-02
SH601208	2014-01-02	2016-01-03
SH601211	2016-01-04	2026-09-03
SH601212	2018-01-02	2021-01-03
SH601212	2024-07-01	2026-09-03
SH601216	2014-01-02	2026-09-03
SH601225	2014-07-01	2026-09-03
SH601226	2015-07-01	2017-01-02
SH601228	2018-01-02	2026-09-03
SH601229	2017-07-03	2026-09-03
SH601231	2014-01-02	2016-06-30
SH601231	2017-01-03	2018-07-01
SH601231	2019-01-02	2022-06-30
SH601231	2023-04-03	2026-06-30
SH601233	2014-01-02	2019-01-01
SH601233	2020-01-02	2022-02-06
SH601233	2023-04-03	2026-09-03
SH601236	2020-01-02	2026-09-03
SH601238	2014-01-02	2015-01-04
SH601238	2016-01-04	2016-06-30
SH601238	2018-07-02	2026-09-03
SH601258	2014-01-02	2017-07-02
SH601288	2014-01-02	2026-09-03
SH601298	2019-07-01	2025-01-01
SH601298	2025-10-09	2026-09-03
SH601299	2014-01-02	2015-05-31
SH601311	2014-01-02	2020-01-01
SH601318	2014-01-02	2026-09-03
SH601319	2019-07-01	2026-09-03
SH601326	2019-01-02	2020-06-30
SH601328	2014-01-02	2026-09-03
SH601333	2014-01-02	2023-07-02
SH601333	2025-07-01	2026-06-30
SH601336	2014-01-02	2026-09-03
SH601339	2014-01-02	2015-01-04
SH601360	2018-07-02	2026-09-03
SH601369	2014-01-02	2017-01-02
SH601375	2017-07-03	2018-07-01
SH601377	2014-01-02	2026-09-03
SH601388	2014-01-02	2015-06-30
SH601390	2014-01-02	2026-09-03
SH601398	2014-01-02	2026-09-03
SH601399	2024-07-01	2026-09-03
SH601456	2021-01-04	2026-09-03
SH601512	2020-07-01	2022-02-06
SH601515	2014-01-02	2017-01-02
SH601519	2014-01-02	2015-06-30
SH601555	2014-01-02	2026-09-03
SH601566	2014-01-02	2015-06-30
SH601567	2024-07-01	2025-06-30
SH601567	2026-01-05	2026-09-03
SH601568	2021-08-02	2026-01-04
SH601577	2019-07-01	2026-09-03
SH601588	2014-01-02	2014-06-30
SH601598	2019-02-01	2019-06-30
SH601598	2020-01-02	2026-09-03
SH601600	2014-01-02	2026-09-03
SH601601	2014-01-02	2026-09-03
SH601607	2014-01-02	2026-09-03
SH601608	2014-01-02	2026-09-03
SH601611	2017-01-03	2026-09-03
SH601615	2019-07-01	2026-09-03
SH601616	2014-01-02	2015-01-04
SH601618	2014-01-02	2026-09-03
SH601628	2014-01-02	2026-09-03
SH601633	2014-01-02	2026-09-03
SH601636	2014-01-02	2015-01-04
SH601636	2021-08-02	2026-01-04
SH601658	2020-07-01	2026-09-03
SH601665	2022-02-07	2026-09-03
SH601666	2014-01-02	2017-01-02
SH601666	2023-04-03	2026-09-03
SH601668	2014-01-02	2026-09-03
SH601669	2014-01-02	2026-09-03
SH601678	2014-01-02	2021-01-03
SH601688	2014-01-02	2026-09-03
SH601689	2017-01-03	2022-06-30
SH601689	2023-04-03	2026-09-03
SH601696	2021-01-04	2026-09-03
SH601698	2020-01-02	2026-09-03
SH601699	2014-01-02	2018-07-01
SH601699	2019-07-01	2026-09-03
SH601717	2014-01-02	2026-09-03
SH601718	2014-01-02	2024-01-01
SH601727	2015-01-05	2022-02-06
SH601727	2026-07-01	2026-09-03
SH601728	2022-02-07	2026-09-03
SH601766	2014-01-02	2026-09-03
SH601777	2014-01-02	2020-01-01
SH601778	2021-01-04	2024-06-30
SH601788	2015-07-01	2026-09-03
SH601799	2020-01-02	2026-09-03
SH601800	2014-01-02	2026-09-03
SH601801	2014-01-02	2017-07-02
SH601801	2018-07-02	2022-02-06
SH601808	2014-01-02	2017-01-02
SH601808	2018-07-02	2026-09-03
SH601811	2017-07-03	2021-01-03
SH601816	2020-07-01	2026-09-03
SH601818	2014-01-02	2026-09-03
SH601825	2022-07-01	2023-04-02
SH601825	2025-07-01	2026-09-03
SH601828	2018-07-02	2025-01-01
SH601838	2018-07-02	2026-09-03
SH601857	2014-01-02	2026-09-03
SH601858	2024-07-01	2026-01-04
SH601860	2020-01-02	2023-04-02
SH601865	2020-01-02	2021-08-01
SH601865	2022-02-07	2026-09-03
SH601866	2014-01-02	2026-09-03
SH601868	2021-10-08	2026-09-03
SH601869	2019-01-02	2024-01-01
SH601869	2026-07-01	2026-09-03
SH601872	2015-01-05	2015-06-30
SH601872	2016-01-04	2020-06-30
SH601872	2021-01-04	2026-09-03
SH601877	2017-01-03	2026-09-03
SH601878	2018-01-02	2026-09-03
SH601880	2014-01-02	2026-09-03
SH601881	2017-07-03	2026-09-03
SH601886	2014-07-01	2018-01-01
SH601888	2014-01-02	2026-09-03
SH601898	2014-01-02	2017-01-02
SH601898	2018-01-02	2021-01-03
SH601898	2022-02-07	2026-09-03
SH601899	2014-01-02	2026-09-03
SH601901	2014-01-02	2026-09-03
SH601908	2014-01-02	2017-07-02
SH601916	2020-07-01	2023-04-02
SH601916	2024-01-02	2026-09-03
SH601918	2014-01-02	2015-01-04
SH601918	2025-01-02	2026-06-30
SH601919	2015-07-01	2026-09-03
SH601921	2025-07-01	2026-06-30
SH601928	2014-01-02	2026-09-03
SH601929	2014-01-02	2018-01-01
SH601933	2014-01-02	2022-06-30
SH601933	2024-01-02	2026-01-04
SH601939	2014-01-02	2026-09-03
SH601958	2014-01-02	2026-09-03
SH601965	2014-01-02	2017-01-02
SH601965	2024-07-01	2026-06-30
SH601966	2017-07-03	2021-08-01
SH601966	2022-02-07	2026-09-03
SH601969	2015-07-01	2016-06-30
SH601969	2018-01-02	2024-01-01
SH601975	2020-01-02	2022-06-30
SH601985	2016-01-04	2026-09-03
SH601988	2014-01-02	2026-09-03
SH601989	2014-01-02	2025-10-08
SH601990	2019-01-02	2019-06-30
SH601990	2021-01-04	2026-09-03
SH601991	2014-01-02	2015-01-04
SH601991	2015-07-01	2017-01-02
SH601991	2018-01-02	2019-06-30
SH601991	2021-08-02	2026-09-03
SH601992	2014-01-02	2017-01-02
SH601992	2017-07-03	2025-06-30
SH601995	2021-08-02	2026-09-03
SH601997	2017-07-03	2026-09-03
SH601998	2014-01-02	2026-09-03
SH601999	2014-01-02	2016-01-03
SH603000	2014-01-02	2026-09-03
SH603001	2014-01-02	2018-07-01
SH603005	2015-01-05	2018-01-01
SH603019	2015-07-01	2019-01-01
SH603019	2019-07-01	2026-09-03
SH603025	2016-01-04	2021-01-03
SH603026	2022-07-01	2024-06-30
SH603049	2026-01-05	2026-09-03
SH603056	2018-07-02	2025-06-30
SH603077	2014-01-02	2026-09-03
SH603087	2021-01-04	2023-04-02
SH603087	2024-07-01	2026-09-03
SH603092	2026-07-01	2026-09-03
SH603119	2026-07-01	2026-09-03
SH603127	2022-02-07	2025-01-01
SH603129	2025-01-02	2026-09-03
SH603156	2019-01-02	2026-09-03
SH603160	2017-07-03	2026-09-03
SH603169	2015-07-01	2019-06-30
SH603175	2026-07-01	2026-09-03
SH603179	2024-07-01	2026-09-03
SH603185	2022-07-01	2025-06-30
SH603188	2015-07-01	2019-01-01
SH603195	2021-01-04	2026-06-30
SH603198	2016-07-01	2023-04-02
SH603218	2022-02-07	2025-01-01
SH603225	2018-01-02	2026-09-03
SH603228	2017-07-03	2026-06-30
SH603233	2019-01-02	2021-01-03
SH603233	2021-08-02	2026-09-03
SH603256	2020-01-02	2022-02-06
SH603256	2026-07-01	2026-09-03
SH603259	2019-01-02	2026-09-03
SH603260	2018-07-02	2026-09-03
SH603267	2022-02-07	2024-06-30
SH603288	2015-01-05	2016-06-30
SH603288	2018-07-02	2026-09-03
SH603290	2021-01-04	2026-09-03
SH603296	2024-07-01	2026-09-03
SH603298	2024-07-01	2026-09-03
SH603305	2024-01-02	2025-01-01
SH603308	2026-07-01	2026-09-03
SH603317	2020-01-02	2025-01-01
SH603328	2015-01-05	2021-08-01
SH603338	2020-01-02	2022-06-30
SH603338	2023-07-03	2026-09-03
SH603341	2025-01-02	2026-09-03
SH603345	2021-01-04	2021-08-01
SH603345	2022-07-01	2023-07-02
SH603345	2024-07-01	2026-09-03
SH603355	2016-01-04	2024-06-30
SH603366	2014-01-02	2016-06-30
SH603369	2015-01-05	2016-06-30
SH603369	2017-01-03	2020-01-01
SH603369	2020-07-01	2026-09-03
SH603377	2017-01-03	2022-02-06
SH603379	2020-01-02	2026-09-03
SH603392	2021-01-04	2026-09-03
SH603444	2017-07-03	2025-06-30
SH603444	2026-01-05	2026-09-03
SH603456	2022-02-07	2025-06-30
SH603486	2019-01-02	2026-09-03
SH603501	2019-07-01	2026-09-03
SH603515	2017-07-03	2023-04-02
SH603517	2019-07-01	2021-01-03
SH603517	2021-08-02	2025-01-01
SH603528	2017-01-03	2018-07-01
SH603529	2023-07-03	2026-09-03
SH603555	2014-07-01	2017-07-02
SH603556	2017-07-03	2021-01-03
SH603556	2025-01-02	2026-01-04
SH603565	2025-07-01	2026-09-03
SH603567	2016-01-04	2018-01-01
SH603568	2016-01-04	2026-09-03
SH603569	2017-07-03	2020-01-01
SH603589	2016-01-04	2019-01-01
SH603589	2021-01-04	2026-09-03
SH603596	2023-04-03	2026-09-03
SH603605	2020-07-01	2023-07-02
SH603605	2025-01-02	2026-09-03
SH603606	2023-04-03	2023-07-02
SH603606	2024-01-02	2026-09-03
SH603613	2022-02-07	2023-07-02
SH603638	2021-01-04	2024-01-01
SH603650	2019-01-02	2026-09-03
SH603658	2017-07-03	2019-06-30
SH603658	2020-07-01	2026-09-03
SH603659	2018-07-02	2021-01-03
SH603659	2021-08-02	2026-09-03
SH603688	2023-04-03	2026-09-03
SH603698	2015-07-01	2018-01-01
SH603699	2014-07-01	2017-01-02
SH603699	2026-01-05	2026-09-03
SH603707	2020-01-02	2021-01-03
SH603707	2021-08-02	2026-06-30
SH603708	2020-09-01	2022-06-30
SH603712	2019-01-02	2025-06-30
SH603719	2021-01-04	2023-07-02
SH603728	2024-07-01	2026-09-03
SH603737	2021-01-04	2022-02-06
SH603737	2023-04-03	2026-09-03
SH603766	2014-01-02	2021-01-03
SH603766	2026-01-05	2026-09-03
SH603786	2020-07-01	2026-09-03
SH603799	2017-07-03	2026-09-03
SH603806	2016-01-04	2026-09-03
SH603816	2017-07-03	2021-08-01
SH603816	2023-04-03	2026-09-03
SH603826	2023-07-03	2026-01-04
SH603833	2018-01-02	2026-09-03
SH603858	2017-07-03	2026-09-03
SH603866	2017-01-03	2018-01-01
SH603866	2019-01-02	2024-06-30
SH603868	2017-01-03	2026-01-04
SH603877	2017-07-03	2020-06-30
SH603882	2020-01-02	2025-06-30
SH603883	2016-01-04	2025-06-30
SH603885	2016-01-04	2017-07-02
SH603885	2018-07-02	2026-09-03
SH603888	2017-07-03	2022-02-06
SH603893	2021-01-04	2022-06-30
SH603893	2023-04-03	2026-09-03
SH603899	2015-07-01	2016-06-30
SH603899	2018-07-02	2019-06-30
SH603899	2020-01-02	2026-09-03
SH603920	2026-01-05	2026-09-03
SH603927	2021-01-04	2026-06-30
SH603939	2019-07-01	2021-01-03
SH603939	2021-08-02	2026-09-03
SH603979	2024-07-01	2026-09-03
SH603983	2020-01-02	2023-04-02
SH603986	2019-01-02	2026-09-03
SH603993	2014-01-02	2026-09-03
SH605117	2022-07-01	2026-09-03
SH605358	2021-08-02	2022-06-30
SH605358	2023-04-03	2026-09-03
SH605499	2022-02-07	2026-09-03
SH605589	2025-07-01	2026-09-03
SZ000001	2014-01-02	2026-09-03
SZ000002	2014-01-02	2026-09-03
SZ000006	2014-01-02	2020-06-30
SZ000008	2016-07-01	2021-08-01
SZ000009	2014-01-02	2026-09-03
SZ000012	2014-01-02	2024-01-01
SZ000021	2014-01-02	2026-09-03
SZ000024	2014-01-02	2016-01-03
SZ000025	2017-01-03	2021-01-03
SZ000027	2014-07-01	2026-09-03
SZ000028	2014-01-02	2023-04-02
SZ000030	2014-01-02	2017-01-02
SZ000031	2014-01-02	2025-01-01
SZ000032	2024-07-01	2026-09-03
SZ000034	2025-01-02	2026-09-03
SZ000039	2014-01-02	2026-09-03
SZ000042	2014-01-02	2014-06-30
SZ000046	2014-01-02	2014-06-30
SZ000046	2015-07-01	2017-01-02
SZ000046	2020-07-01	2022-06-30
SZ000049	2014-01-02	2019-06-30
SZ000050	2014-01-02	2015-06-30
SZ000050	2016-01-04	2018-07-01
SZ000050	2020-01-02	2026-09-03
SZ000060	2014-01-02	2026-09-03
SZ000061	2014-01-02	2022-02-06
SZ000062	2015-01-05	2023-07-02
SZ000062	2025-07-01	2026-09-03
SZ000063	2014-01-02	2026-09-03
SZ000066	2014-01-02	2023-04-02
SZ000066	2023-07-03	2026-01-04
SZ000069	2014-01-02	2024-06-30
SZ000078	2014-01-02	2022-02-06
SZ000088	2014-01-02	2017-01-02
SZ000088	2026-01-05	2026-09-03
SZ000089	2017-01-03	2024-06-30
SZ000090	2014-01-02	2022-06-30
SZ000099	2014-01-02	2018-07-01
SZ000100	2014-01-02	2026-09-03
SZ000155	2023-04-03	2026-09-03
SZ000156	2014-01-02	2025-01-01
SZ000157	2014-01-02	2026-09-03
SZ000158	2016-07-01	2023-04-02
SZ000166	2015-02-02	2026-09-03
SZ000301	2019-07-01	2021-08-01
SZ000301	2022-02-07	2026-09-03
SZ000333	2014-01-02	2026-09-03
SZ000338	2014-01-02	2026-09-03
SZ000400	2014-01-02	2026-09-03
SZ000401	2014-01-02	2025-06-30
SZ000402	2014-01-02	2024-06-30
SZ000403	2025-01-02	2026-01-04
SZ000408	2019-01-02	2020-01-01
SZ000408	2022-07-01	2026-09-03
SZ000409	2014-01-02	2015-01-04
SZ000413	2014-01-02	2020-06-30
SZ000415	2014-01-02	2024-01-01
SZ000415	2025-07-01	2026-09-03
SZ000417	2014-01-02	2018-01-01
SZ000418	2014-01-02	2019-06-30
SZ000422	2014-01-02	2016-01-03
SZ000423	2014-01-02	2020-06-30
SZ000423	2023-07-03	2026-09-03
SZ000425	2014-01-02	2026-09-03
SZ000426	2014-01-02	2020-06-30
SZ000426	2025-01-02	2026-06-30
SZ000429	2025-07-01	2026-09-03
SZ000488	2014-01-02	2023-04-02
SZ000501	2014-01-02	2022-02-06
SZ000503	2014-07-01	2019-06-30
SZ000506	2014-01-02	2015-06-30
SZ000510	2014-01-02	2015-06-30
SZ000511	2014-01-02	2016-06-30
SZ000513	2014-01-02	2026-09-03
SZ000517	2014-01-02	2014-06-30
SZ000517	2016-07-01	2018-01-01
SZ000518	2014-01-02	2015-01-04
SZ000519	2015-01-05	2026-09-03
SZ000525	2014-01-02	2016-06-30
SZ000528	2014-01-02	2023-04-02
SZ000528	2025-07-01	2026-09-03
SZ000536	2014-01-02	2015-06-30
SZ000536	2017-07-03	2020-06-30
SZ000537	2019-01-02	2026-09-03
SZ000538	2014-01-02	2026-09-03
SZ000539	2015-07-01	2016-06-30
SZ000539	2024-01-02	2026-09-03
SZ000540	2014-01-02	2019-01-01
SZ000540	2021-01-04	2023-07-02
SZ000541	2014-01-02	2020-01-01
SZ000543	2014-01-02	2021-08-01
SZ000543	2025-07-01	2026-01-04
SZ000547	2015-07-01	2024-06-30
SZ000550	2014-01-02	2017-01-02
SZ000552	2014-01-02	2020-01-01
SZ000553	2018-07-02	2024-06-30
SZ000555	2015-01-05	2015-06-30
SZ000555	2017-01-03	2018-01-01
SZ000559	2014-01-02	2026-09-03
SZ000562	2014-01-02	2015-02-01
SZ000563	2014-01-02	2026-06-30
SZ000564	2019-01-02	2021-03-31
SZ000566	2014-01-02	2019-01-01
SZ000568	2014-01-02	2026-09-03
SZ000572	2014-01-02	2019-01-01
SZ000581	2014-01-02	2024-06-30
SZ000582	2015-07-01	2016-06-30
SZ000582	2025-07-01	2026-09-03
SZ000587	2014-01-02	2020-01-01
SZ000591	2023-04-03	2026-09-03
SZ000592	2015-07-01	2019-01-01
SZ000596	2014-01-02	2026-09-03
SZ000598	2014-01-02	2026-09-03
SZ000600	2015-07-01	2021-08-01
SZ000603	2014-01-02	2016-06-30
SZ000608	2014-01-02	2014-06-30
SZ000612	2014-01-02	2019-06-30
SZ000616	2014-01-02	2018-01-01
SZ000617	2023-07-03	2026-09-03
SZ000620	2014-01-02	2018-01-01
SZ000623	2014-01-02	2026-09-03
SZ000625	2014-01-02	2026-09-03
SZ000627	2014-01-02	2015-01-04
SZ000627	2017-01-03	2021-08-01
SZ000629	2014-01-02	2016-06-30
SZ000629	2019-07-01	2026-09-03
SZ000630	2014-01-02	2026-09-03
SZ000631	2014-01-02	2017-07-02
SZ000636	2014-01-02	2026-01-04
SZ000650	2014-01-02	2016-06-30
SZ000651	2014-01-02	2026-09-03
SZ000652	2014-01-02	2018-07-01
SZ000655	2014-01-02	2015-01-04
SZ000656	2014-01-02	2023-07-02
SZ000657	2026-01-05	2026-09-03
SZ000661	2015-01-05	2026-09-03
SZ000662	2017-07-03	2018-07-01
SZ000667	2014-01-02	2019-06-30
SZ000669	2014-01-02	2018-07-01
SZ000671	2014-01-02	2023-04-02
SZ000680	2014-01-02	2018-07-01
SZ000681	2015-01-05	2022-02-06
SZ000683	2014-01-02	2014-06-30
SZ000683	2023-04-03	2026-09-03
SZ000685	2014-01-02	2023-04-02
SZ000686	2014-01-02	2023-04-02
SZ000688	2014-01-02	2016-01-03
SZ000690	2014-01-02	2023-04-02
SZ000693	2014-07-01	2016-06-30
SZ000697	2014-01-02	2018-01-01
SZ000703	2014-01-02	2026-09-03
SZ000708	2020-07-01	2026-09-03
SZ000709	2014-01-02	2026-09-03
SZ000712	2014-01-02	2021-01-03
SZ000717	2019-01-02	2023-04-02
SZ000718	2014-01-02	2016-06-30
SZ000718	2017-01-03	2023-04-02
SZ000719	2014-01-02	2016-06-30
SZ000723	2017-01-03	2017-07-02
SZ000723	2018-01-02	2022-06-30
SZ000723	2023-04-03	2026-09-03
SZ000725	2014-01-02	2026-09-03
SZ000726	2014-01-02	2018-01-01
SZ000727	2016-07-01	2020-06-30
SZ000728	2014-01-02	2026-09-03
SZ000729	2014-01-02	2017-01-02
SZ000729	2017-07-03	2026-09-03
SZ000732	2014-01-02	2016-06-30
SZ000732	2017-07-03	2022-02-06
SZ000733	2022-02-07	2022-06-30
SZ000733	2023-04-03	2026-09-03
SZ000735	2014-01-02	2016-01-03
SZ000737	2026-07-01	2026-09-03
SZ000738	2014-01-02	2014-06-30
SZ000738	2015-06-01	2026-09-03
SZ000739	2020-07-01	2026-09-03
SZ000748	2015-01-05	2017-02-02
SZ000750	2014-01-02	2026-09-03
SZ000758	2014-01-02	2022-06-30
SZ000759	2014-01-02	2015-01-04
SZ000761	2017-01-03	2020-06-30
SZ000762	2014-01-02	2019-01-01
SZ000766	2017-07-03	2020-06-30
SZ000768	2014-01-02	2026-09-03
SZ000776	2014-01-02	2026-09-03
SZ000777	2014-01-02	2018-07-01
SZ000778	2014-01-02	2025-06-30
SZ000780	2014-01-02	2016-01-03
SZ000783	2014-01-02	2026-09-03
SZ000785	2020-07-01	2021-01-03
SZ000785	2022-07-01	2026-09-03
SZ000786	2014-01-02	2026-09-03
SZ000788	2014-01-02	2016-01-03
SZ000792	2014-01-02	2019-06-30
SZ000792	2022-07-01	2026-09-03
SZ000793	2014-01-02	2018-01-01
SZ000799	2014-01-02	2015-01-04
SZ000799	2021-08-02	2022-02-06
SZ000800	2014-01-02	2017-07-02
SZ000800	2020-07-01	2021-01-03
SZ000800	2021-08-02	2026-01-04
SZ000800	2026-07-01	2026-09-03
SZ000806	2017-01-03	2019-01-01
SZ000807	2018-01-02	2024-01-01
SZ000807	2024-07-01	2026-09-03
SZ000809	2014-01-02	2015-06-30
SZ000810	2016-07-01	2018-01-01
SZ000813	2018-07-02	2022-02-06
SZ000816	2014-01-02	2018-07-01
SZ000818	2024-07-01	2025-06-30
SZ000822	2014-01-02	2014-06-30
SZ000823	2014-01-02	2016-01-03
SZ000825	2015-01-05	2019-01-01
SZ000825	2020-01-02	2026-09-03
SZ000826	2014-01-02	2022-02-06
SZ000829	2014-01-02	2020-01-01
SZ000830	2014-01-02	2026-09-03
SZ000831	2014-01-02	2016-06-30
SZ000831	2022-07-01	2026-09-03
SZ000839	2014-01-02	2016-01-03
SZ000839	2016-07-01	2019-06-30
SZ000848	2014-01-02	2021-01-03
SZ000850	2014-01-02	2016-01-03
SZ000852	2014-01-02	2016-06-30
SZ000858	2014-01-02	2026-09-03
SZ000860	2014-01-02	2020-01-01
SZ000860	2020-07-01	2022-02-06
SZ000861	2014-01-02	2017-07-02
SZ000869	2014-01-02	2017-07-02
SZ000869	2019-07-01	2024-01-01
SZ000876	2014-01-02	2026-06-30
SZ000877	2014-01-02	2024-06-30
SZ000878	2014-01-02	2016-01-03
SZ000878	2016-07-01	2026-09-03
SZ000883	2014-07-01	2017-01-02
SZ000883	2019-07-01	2026-09-03
SZ000886	2014-01-02	2015-06-30
SZ000887	2014-01-02	2017-01-02
SZ000887	2018-01-02	2026-09-03
SZ000893	2023-07-03	2026-09-03
SZ000895	2014-01-02	2026-09-03
SZ000897	2014-01-02	2018-07-01
SZ000898	2015-01-05	2017-01-02
SZ000898	2018-01-02	2026-09-03
SZ000900	2014-01-02	2017-01-02
SZ000917	2014-07-01	2018-01-01
SZ000919	2014-01-02	2017-07-02
SZ000921	2014-01-02	2016-06-30
SZ000921	2024-07-01	2026-09-03
SZ000926	2014-01-02	2020-01-01
SZ000927	2014-01-02	2015-06-30
SZ000930	2014-01-02	2024-06-30
SZ000931	2014-01-02	2017-07-02
SZ000932	2019-01-02	2026-09-03
SZ000933	2014-01-02	2016-06-30
SZ000933	2023-07-03	2025-01-01
SZ000933	2025-07-01	2026-06-30
SZ000935	2014-01-02	2015-01-04
SZ000937	2014-01-02	2026-09-03
SZ000938	2017-01-03	2026-09-03
SZ000939	2014-01-02	2018-07-01
SZ000951	2014-01-02	2016-06-30
SZ000951	2025-07-01	2026-09-03
SZ000958	2023-07-03	2026-06-30
SZ000959	2015-01-05	2015-06-30
SZ000959	2017-01-03	2026-09-03
SZ000960	2014-01-02	2016-01-03
SZ000960	2017-01-03	2026-09-03
SZ000961	2014-01-02	2023-07-02
SZ000962	2014-01-02	2016-01-03
SZ000963	2014-01-02	2026-09-03
SZ000967	2020-01-02	2026-09-03
SZ000969	2014-01-02	2019-06-30
SZ000970	2014-01-02	2024-06-30
SZ000973	2014-01-02	2017-07-02
SZ000975	2014-01-02	2024-06-30
SZ000975	2025-01-02	2026-09-03
SZ000977	2014-01-02	2015-06-30
SZ000977	2016-07-01	2019-01-01
SZ000977	2020-07-01	2026-09-03
SZ000979	2014-01-02	2019-01-01
SZ000980	2018-07-02	2020-06-30
SZ000981	2018-01-02	2018-07-01
SZ000982	2014-01-02	2015-06-30
SZ000983	2014-01-02	2023-04-02
SZ000983	2023-07-03	2026-09-03
SZ000987	2014-01-02	2015-01-04
SZ000987	2018-01-02	2021-01-03
SZ000987	2022-02-07	2026-09-03
SZ000988	2014-01-02	2026-01-04
SZ000988	2026-07-01	2026-09-03
SZ000990	2018-01-02	2023-07-02
SZ000997	2014-01-02	2026-09-03
SZ000998	2014-01-02	2018-07-01
SZ000998	2019-01-02	2025-06-30
SZ000999	2014-01-02	2023-07-02
SZ000999	2024-01-02	2026-09-03
SZ001203	2022-02-07	2025-06-30
SZ001203	2026-07-01	2026-09-03
SZ001213	2025-07-01	2026-06-30
SZ001221	2026-01-05	2026-09-03
SZ001227	2022-07-01	2025-06-30
SZ001280	2026-07-01	2026-09-03
SZ001286	2024-01-02	2026-09-03
SZ001289	2022-07-01	2026-01-04
SZ001309	2026-07-01	2026-09-03
SZ001386	2026-07-01	2026-09-03
SZ001389	2025-07-01	2026-09-03
SZ001391	2025-07-01	2026-09-03
SZ001696	2014-01-02	2019-01-01
SZ001696	2025-07-01	2026-09-03
SZ001872	2020-01-02	2025-01-01
SZ001914	2020-07-01	2024-06-30
SZ001965	2018-07-02	2019-06-30
SZ001965	2022-02-07	2023-04-02
SZ001965	2024-07-01	2026-09-03
SZ001979	2016-01-04	2026-09-03
SZ002001	2014-01-02	2018-07-01
SZ002001	2019-01-02	2026-09-03
SZ002002	2016-07-01	2023-07-02
SZ002004	2014-01-02	2023-04-02
SZ002005	2014-01-02	2018-07-01
SZ002007	2014-01-02	2026-09-03
SZ002008	2014-01-02	2026-09-03
SZ002010	2019-07-01	2024-06-30
SZ002011	2014-01-02	2019-01-01
SZ002013	2014-01-02	2019-06-30
SZ002013	2020-01-02	2022-06-30
SZ002018	2014-07-01	2016-01-03
SZ002018	2017-01-03	2018-07-01
SZ002019	2017-01-03	2025-06-30
SZ002022	2014-01-02	2019-01-01
SZ002024	2014-01-02	2022-06-30
SZ002025	2014-01-02	2017-07-02
SZ002025	2023-04-03	2026-09-03
SZ002027	2016-07-01	2026-09-03
SZ002028	2014-01-02	2026-09-03
SZ002029	2014-01-02	2017-07-02
SZ002030	2015-01-05	2024-06-30
SZ002032	2014-07-01	2015-01-04
SZ002032	2018-01-02	2018-07-01
SZ002032	2019-01-02	2024-06-30
SZ002032	2026-01-05	2026-09-03
SZ002038	2014-01-02	2022-06-30
SZ002041	2014-01-02	2019-06-30
SZ002044	2017-07-03	2022-06-30
SZ002044	2024-01-02	2026-09-03
SZ002048	2014-01-02	2023-07-02
SZ002049	2014-01-02	2015-01-04
SZ002049	2015-07-01	2020-06-30
SZ002049	2021-01-04	2026-09-03
SZ002050	2014-01-02	2026-09-03
SZ002051	2014-01-02	2021-08-01
SZ002052	2014-07-01	2015-06-30
SZ002056	2014-01-02	2026-09-03
SZ002063	2014-01-02	2018-07-01
SZ002064	2014-01-02	2021-08-01
SZ002064	2022-02-07	2026-09-03
SZ002065	2014-01-02	2020-06-30
SZ002065	2021-08-02	2026-09-03
SZ002069	2014-01-02	2016-01-03
SZ002073	2014-01-02	2019-01-01
SZ002074	2016-07-01	2022-02-06
SZ002074	2022-07-01	2026-09-03
SZ002075	2014-01-02	2015-01-04
SZ002075	2019-07-01	2022-06-30
SZ002078	2014-01-02	2026-09-03
SZ002080	2020-07-01	2022-06-30
SZ002080	2023-04-03	2026-06-30
SZ002081	2014-01-02	2024-01-01
SZ002083	2014-01-02	2015-06-30
SZ002085	2016-01-04	2017-07-02
SZ002085	2018-07-02	2022-06-30
SZ002085	2025-01-02	2026-09-03
SZ002091	2014-01-02	2016-01-03
SZ002092	2014-01-02	2024-06-30
SZ002093	2014-01-02	2021-08-01
SZ002106	2014-01-02	2018-07-01
SZ002110	2018-07-02	2024-01-01
SZ002118	2014-01-02	2021-01-03
SZ002120	2017-07-03	2018-01-01
SZ002120	2019-01-02	2026-09-03
SZ002122	2014-01-02	2018-07-01
SZ002123	2014-01-02	2015-06-30
SZ002123	2017-01-03	2018-07-01
SZ002124	2020-07-01	2023-07-02
SZ002126	2026-01-05	2026-09-03
SZ002127	2017-07-03	2021-01-03
SZ002127	2021-08-02	2023-07-02
SZ002128	2014-07-01	2025-06-30
SZ002128	2026-01-05	2026-06-30
SZ002129	2014-01-02	2017-07-02
SZ002129	2018-07-02	2026-01-04
SZ002130	2025-07-01	2026-09-03
SZ002131	2016-07-01	2024-06-30
SZ002131	2026-01-05	2026-09-03
SZ002138	2020-07-01	2026-09-03
SZ002140	2014-01-02	2016-06-30
SZ002142	2014-01-02	2026-09-03
SZ002143	2015-07-01	2016-06-30
SZ002146	2014-01-02	2023-07-02
SZ002147	2017-07-03	2019-06-30
SZ002152	2014-01-02	2015-01-04
SZ002152	2016-07-01	2026-09-03
SZ002153	2014-01-02	2026-09-03
SZ002154	2014-01-02	2015-01-04
SZ002155	2014-01-02	2026-09-03
SZ002156	2020-07-01	2026-06-30
SZ002157	2019-07-01	2020-01-01
SZ002157	2020-07-01	2022-06-30
SZ002157	2026-01-05	2026-09-03
SZ002161	2014-01-02	2017-07-02
SZ002167	2014-01-02	2014-06-30
SZ002168	2014-01-02	2017-07-02
SZ002174	2015-01-05	2016-06-30
SZ002174	2017-01-03	2023-04-02
SZ002176	2017-01-03	2020-06-30
SZ002179	2014-01-02	2026-09-03
SZ002180	2016-01-04	2016-06-30
SZ002180	2018-07-02	2019-01-01
SZ002180	2020-01-02	2020-06-30
SZ002180	2021-08-02	2026-01-04
SZ002181	2014-01-02	2017-01-02
SZ002183	2014-01-02	2016-01-03
SZ002183	2016-07-01	2024-01-01
SZ002185	2020-07-01	2026-09-03
SZ002190	2014-01-02	2015-01-04
SZ002190	2015-07-01	2019-01-01
SZ002191	2014-01-02	2023-07-02
SZ002192	2023-04-03	2024-06-30
SZ002194	2014-01-02	2018-01-01
SZ002195	2015-07-01	2026-09-03
SZ002202	2014-01-02	2026-09-03
SZ002203	2014-01-02	2016-06-30
SZ002203	2020-01-02	2026-09-03
SZ002204	2014-07-01	2016-06-30
SZ002212	2018-07-02	2023-07-02
SZ002216	2014-01-02	2017-01-02
SZ002217	2016-01-04	2018-01-01
SZ002217	2019-07-01	2021-08-01
SZ002219	2014-01-02	2016-06-30
SZ002221	2014-01-02	2024-01-01
SZ002223	2014-01-02	2026-09-03
SZ002225	2014-01-02	2016-01-03
SZ002226	2014-01-02	2015-06-30
SZ002230	2014-01-02	2026-09-03
SZ002233	2014-01-02	2023-04-02
SZ002236	2014-01-02	2026-09-03
SZ002237	2014-01-02	2016-06-30
SZ002238	2014-01-02	2017-07-02
SZ002240	2015-01-05	2016-01-03
SZ002240	2022-07-01	2023-04-02
SZ002240	2023-07-03	2025-06-30
SZ002241	2014-01-02	2026-09-03
SZ002242	2014-07-01	2023-07-02
SZ002244	2014-07-01	2026-09-03
SZ002249	2014-01-02	2024-01-01
SZ002250	2014-01-02	2024-01-01
SZ002251	2014-01-02	2020-01-01
SZ002252	2014-01-02	2026-09-03
SZ002254	2014-01-02	2020-01-01
SZ002261	2016-07-01	2019-01-01
SZ002261	2024-07-01	2026-09-03
SZ002262	2014-01-02	2015-01-04
SZ002262	2024-01-02	2026-09-03
SZ002265	2026-01-05	2026-09-03
SZ002266	2014-01-02	2026-09-03
SZ002267	2014-01-02	2017-01-02
SZ002268	2016-07-01	2025-06-30
SZ002269	2014-01-02	2018-07-01
SZ002271	2014-01-02	2018-07-01
SZ002271	2019-01-02	2025-06-30
SZ002271	2026-01-05	2026-09-03
SZ002273	2014-01-02	2026-09-03
SZ002275	2014-01-02	2016-01-03
SZ002276	2014-01-02	2019-06-30
SZ002277	2014-01-02	2019-06-30
SZ002280	2018-01-02	2020-06-30
SZ002281	2014-01-02	2026-09-03
SZ002283	2014-01-02	2014-06-30
SZ002285	2014-01-02	2021-01-03
SZ002292	2014-01-02	2018-07-01
SZ002293	2014-01-02	2017-01-02
SZ002294	2014-01-02	2017-01-02
SZ002294	2018-01-02	2026-06-30
SZ002299	2014-01-02	2014-06-30
SZ002299	2015-01-05	2020-01-01
SZ002299	2021-01-04	2026-09-03
SZ002302	2018-07-02	2022-06-30
SZ002304	2014-01-02	2026-09-03
SZ002305	2014-01-02	2015-01-04
SZ002306	2014-01-02	2014-06-30
SZ002308	2014-01-02	2019-06-30
SZ002309	2014-01-02	2018-01-01
SZ002310	2014-01-02	2016-01-03
SZ002310	2016-07-01	2020-01-01
SZ002311	2014-07-01	2018-07-01
SZ002311	2019-01-02	2026-09-03
SZ002312	2025-07-01	2026-09-03
SZ002315	2014-01-02	2018-01-01
SZ002317	2014-01-02	2022-02-06
SZ002318	2025-01-02	2026-09-03
SZ002320	2014-01-02	2015-06-30
SZ002325	2014-01-02	2018-07-01
SZ002326	2022-07-01	2024-06-30
SZ002327	2014-01-02	2017-07-02
SZ002332	2014-01-02	2020-01-01
SZ002335	2026-01-05	2026-09-03
SZ002340	2014-01-02	2022-06-30
SZ002340	2023-04-03	2026-09-03
SZ002342	2014-01-02	2019-01-01
SZ002344	2014-01-02	2020-01-01
SZ002345	2014-01-02	2019-06-30
SZ002352	2017-07-03	2026-09-03
SZ002353	2014-01-02	2026-09-03
SZ002354	2016-01-04	2019-06-30
SZ002358	2014-07-01	2020-06-30
SZ002359	2018-01-02	2019-06-30
SZ002366	2016-07-01	2020-06-30
SZ002368	2014-01-02	2025-06-30
SZ002371	2014-01-02	2026-09-03
SZ002372	2019-01-02	2026-06-30
SZ002373	2015-07-01	2025-06-30
SZ002375	2014-01-02	2022-06-30
SZ002378	2014-01-02	2015-01-04
SZ002382	2019-07-01	2023-04-02
SZ002384	2014-01-02	2020-06-30
SZ002384	2021-01-04	2025-06-30
SZ002384	2026-01-05	2026-09-03
SZ002385	2014-01-02	2026-06-30
SZ002387	2019-07-01	2023-04-02
SZ002390	2015-01-05	2023-04-02
SZ002392	2014-01-02	2018-07-01
SZ002393	2014-01-02	2016-01-03
SZ002396	2014-01-02	2018-01-01
SZ002396	2020-07-01	2023-07-02
SZ002399	2014-01-02	2017-07-02
SZ002399	2018-07-02	2024-06-30
SZ002400	2014-01-02	2019-06-30
SZ002402	2026-01-05	2026-09-03
SZ002405	2014-01-02	2018-07-01
SZ002405	2019-07-01	2020-01-01
SZ002407	2017-01-03	2021-01-03
SZ002407	2022-07-01	2025-06-30
SZ002407	2026-07-01	2026-09-03
SZ002408	2014-01-02	2025-06-30
SZ002409	2022-02-07	2026-09-03
SZ002410	2014-01-02	2026-09-03
SZ002411	2017-07-03	2020-06-30
SZ002414	2014-01-02	2026-09-03
SZ002415	2014-01-02	2026-09-03
SZ002416	2014-01-02	2015-06-30
SZ002416	2017-01-03	2023-07-02
SZ002419	2014-01-02	2016-06-30
SZ002419	2019-07-01	2022-02-06
SZ002422	2014-01-02	2018-07-01
SZ002422	2019-01-02	2024-06-30
SZ002422	2025-01-02	2026-09-03
SZ002423	2020-01-02	2026-09-03
SZ002424	2014-01-02	2016-01-03
SZ002424	2016-07-01	2022-06-30
SZ002426	2016-07-01	2020-06-30
SZ002428	2014-01-02	2019-01-01
SZ002429	2014-01-02	2015-06-30
SZ002429	2020-07-01	2026-09-03
SZ002430	2014-01-02	2016-06-30
SZ002430	2022-02-07	2026-09-03
SZ002431	2014-01-02	2020-01-01
SZ002432	2023-07-03	2026-09-03
SZ002434	2018-01-02	2023-07-02
SZ002436	2024-07-01	2026-09-03
SZ002437	2014-01-02	2020-06-30
SZ002439	2016-01-04	2021-01-03
SZ002439	2021-08-02	2026-06-30
SZ002440	2014-01-02	2022-06-30
SZ002444	2014-01-02	2026-09-03
SZ002447	2014-01-02	2015-01-04
SZ002450	2014-01-02	2019-06-30
SZ002456	2014-01-02	2022-02-06
SZ002458	2020-07-01	2022-06-30
SZ002459	2022-02-07	2026-06-30
SZ002460	2017-01-03	2026-09-03
SZ002461	2014-01-02	2017-01-02
SZ002461	2025-07-01	2026-09-03
SZ002463	2014-01-02	2022-02-06
SZ002463	2023-07-03	2024-06-30
SZ002463	2025-01-02	2026-09-03
SZ002465	2014-01-02	2026-09-03
SZ002466	2015-07-01	2021-01-03
SZ002466	2022-02-07	2026-09-03
SZ002468	2017-07-03	2024-06-30
SZ002470	2014-01-02	2020-08-31
SZ002472	2024-01-02	2026-09-03
SZ002475	2014-07-01	2026-09-03
SZ002477	2014-01-02	2019-06-30
SZ002479	2014-01-02	2019-01-01
SZ002480	2014-01-02	2016-01-03
SZ002482	2014-01-02	2020-06-30
SZ002487	2023-07-03	2025-06-30
SZ002487	2026-07-01	2026-09-03
SZ002489	2014-01-02	2020-01-01
SZ002490	2014-01-02	2016-01-03
SZ002491	2017-01-03	2021-01-03
SZ002493	2014-01-02	2014-06-30
SZ002493	2016-01-04	2016-06-30
SZ002493	2018-07-02	2026-09-03
SZ002497	2022-07-01	2025-01-01
SZ002498	2014-01-02	2015-06-30
SZ002498	2016-01-04	2017-07-02
SZ002500	2014-01-02	2026-09-03
SZ002503	2014-01-02	2021-08-01
SZ002505	2015-01-05	2015-06-30
SZ002505	2016-01-04	2024-06-30
SZ002506	2018-01-02	2020-01-01
SZ002506	2020-07-01	2025-01-01
SZ002507	2019-01-02	2026-01-04
SZ002508	2014-01-02	2026-09-03
SZ002509	2018-07-02	2020-01-01
SZ002511	2020-07-01	2024-06-30
SZ002512	2016-07-01	2020-01-01
SZ002517	2017-07-03	2020-01-01
SZ002517	2024-01-02	2026-09-03
SZ002518	2023-07-03	2025-01-01
SZ002531	2023-04-03	2025-06-30
SZ002532	2021-08-02	2026-09-03
SZ002534	2014-01-02	2015-01-04
SZ002544	2017-01-03	2021-08-01
SZ002551	2014-07-01	2018-07-01
SZ002555	2017-07-03	2025-06-30
SZ002557	2014-01-02	2016-01-03
SZ002557	2020-07-01	2025-06-30
SZ002558	2017-07-03	2022-02-06
SZ002558	2024-01-02	2026-09-03
SZ002563	2018-07-02	2019-06-30
SZ002563	2020-07-01	2026-01-04
SZ002568	2016-01-04	2017-07-02
SZ002568	2021-01-04	2021-08-01
SZ002568	2022-02-07	2026-09-03
SZ002570	2014-01-02	2016-01-03
SZ002572	2014-01-02	2015-01-04
SZ002572	2016-07-01	2026-01-04
SZ002573	2014-01-02	2020-06-30
SZ002574	2014-01-02	2016-01-03
SZ002581	2017-01-03	2017-07-02
SZ002583	2017-07-03	2022-02-06
SZ002583	2026-01-05	2026-09-03
SZ002588	2014-01-02	2019-06-30
SZ002589	2016-07-01	2021-08-01
SZ002594	2014-01-02	2026-09-03
SZ002595	2014-07-01	2017-07-02
SZ002595	2020-07-01	2026-06-30
SZ002600	2018-07-02	2019-01-01
SZ002600	2021-01-04	2024-06-30
SZ002600	2025-07-01	2026-09-03
SZ002601	2014-01-02	2015-01-04
SZ002601	2017-07-03	2026-09-03
SZ002602	2016-07-01	2023-07-02
SZ002602	2026-07-01	2026-09-03
SZ002603	2014-01-02	2015-06-30
SZ002603	2016-01-04	2023-07-02
SZ002603	2024-01-02	2026-09-03
SZ002607	2019-07-01	2023-04-02
SZ002607	2024-01-02	2026-06-30
SZ002608	2018-01-02	2019-01-01
SZ002608	2023-07-03	2026-09-03
SZ002612	2014-01-02	2015-06-30
SZ002624	2016-07-01	2017-01-02
SZ002624	2018-01-02	2026-09-03
SZ002625	2018-07-02	2022-02-06
SZ002625	2022-07-01	2025-06-30
SZ002625	2026-01-05	2026-09-03
SZ002635	2014-01-02	2022-02-06
SZ002638	2014-01-02	2014-06-30
SZ002640	2016-07-01	2021-08-01
SZ002642	2015-07-01	2019-06-30
SZ002646	2014-01-02	2018-01-01
SZ002648	2014-01-02	2016-06-30
SZ002648	2020-07-01	2022-02-06
SZ002648	2022-07-01	2026-09-03
SZ002653	2014-01-02	2016-06-30
SZ002653	2020-01-02	2026-01-04
SZ002657	2016-01-04	2019-01-01
SZ002662	2014-01-02	2016-01-03
SZ002663	2014-01-02	2019-06-30
SZ002665	2015-01-05	2021-01-03
SZ002670	2017-02-03	2026-09-03
SZ002672	2014-01-02	2020-06-30
SZ002673	2014-01-02	2026-09-03
SZ002678	2014-01-02	2017-01-02
SZ002681	2015-07-01	2020-06-30
SZ002683	2021-01-04	2026-09-03
SZ002690	2014-01-02	2015-06-30
SZ002690	2017-01-03	2025-06-30
SZ002698	2014-01-02	2017-07-02
SZ002699	2016-07-01	2020-01-01
SZ002701	2014-01-02	2023-07-02
SZ002705	2014-07-01	2016-01-03
SZ002705	2021-01-04	2024-01-01
SZ002707	2017-01-03	2020-01-01
SZ002709	2017-07-03	2026-09-03
SZ002714	2014-07-01	2015-06-30
SZ002714	2016-01-04	2026-09-03
SZ002727	2015-01-05	2018-01-01
SZ002736	2015-07-01	2026-09-03
SZ002738	2023-04-03	2026-09-03
SZ002739	2016-01-04	2019-01-01
SZ002739	2019-07-01	2026-09-03
SZ002745	2016-01-04	2017-07-02
SZ002745	2018-01-02	2024-01-01
SZ002756	2022-07-01	2026-09-03
SZ002761	2023-07-03	2024-06-30
SZ002773	2019-01-02	2022-02-06
SZ002773	2025-07-01	2026-09-03
SZ002791	2021-01-04	2021-08-01
SZ002791	2022-02-07	2023-04-02
SZ002791	2023-07-03	2025-01-01
SZ002797	2017-01-03	2026-09-03
SZ002807	2017-07-03	2021-08-01
SZ002812	2019-07-01	2020-06-30
SZ002812	2021-01-04	2025-06-30
SZ002812	2026-07-01	2026-09-03
SZ002815	2017-07-03	2023-04-02
SZ002818	2017-07-03	2022-02-06
SZ002821	2019-07-01	2026-09-03
SZ002831	2017-07-03	2026-09-03
SZ002837	2025-07-01	2026-09-03
SZ002839	2017-07-03	2022-02-06
SZ002841	2017-07-03	2019-01-01
SZ002841	2020-01-02	2026-09-03
SZ002850	2023-04-03	2026-09-03
SZ002851	2025-07-01	2026-09-03
SZ002865	2024-01-02	2025-01-01
SZ002867	2020-01-02	2025-06-30
SZ002901	2020-07-01	2024-01-01
SZ002916	2018-07-02	2026-09-03
SZ002920	2018-07-02	2021-08-01
SZ002920	2022-07-01	2026-09-03
SZ002925	2018-07-02	2024-06-30
SZ002926	2019-07-01	2026-09-03
SZ002936	2019-07-01	2025-01-01
SZ002938	2019-07-01	2026-09-03
SZ002939	2019-07-01	2026-09-03
SZ002941	2019-07-01	2021-08-01
SZ002945	2019-07-01	2026-09-03
SZ002946	2019-07-01	2023-04-02
SZ002948	2019-07-01	2023-07-02
SZ002957	2020-01-02	2021-08-01
SZ002958	2020-01-02	2026-06-30
SZ002966	2021-01-04	2026-09-03
SZ002984	2024-07-01	2026-09-03
SZ002985	2021-01-04	2024-01-01
SZ003021	2026-01-05	2026-09-03
SZ003022	2021-08-02	2022-06-30
SZ003022	2024-01-02	2026-09-03
SZ003031	2024-01-02	2026-09-03
SZ003035	2021-08-02	2026-09-03
SZ003816	2020-07-01	2026-09-03
SZ300001	2016-07-01	2026-09-03
SZ300002	2015-07-01	2022-02-06
SZ300002	2024-07-01	2026-09-03
SZ300003	2015-06-01	2017-01-02
SZ300003	2018-01-02	2026-09-03
SZ300009	2019-07-01	2025-06-30
SZ300010	2016-07-01	2022-02-06
SZ300012	2020-01-02	2021-08-01
SZ300012	2022-07-01	2026-09-03
SZ300014	2020-01-02	2026-09-03
SZ300015	2015-01-05	2017-07-02
SZ300015	2018-01-02	2026-09-03
SZ300017	2015-01-05	2026-09-03
SZ300024	2015-01-05	2026-09-03
SZ300026	2016-01-04	2024-06-30
SZ300027	2015-01-05	2020-06-30
SZ300032	2016-07-01	2019-01-01
SZ300033	2015-07-01	2016-01-03
SZ300033	2017-01-03	2026-09-03
SZ300037	2021-08-02	2026-09-03
SZ300039	2015-01-05	2019-01-01
SZ300043	2015-07-01	2019-01-01
SZ300054	2024-07-01	2026-09-03
SZ300055	2016-01-04	2020-01-01
SZ300058	2015-01-05	2026-09-03
SZ300059	2015-01-05	2026-09-03
SZ300070	2015-01-05	2026-06-30
SZ300072	2015-07-01	2023-07-02
SZ300073	2022-07-01	2026-09-03
SZ300085	2016-01-04	2017-07-02
SZ300088	2015-01-05	2025-01-01
SZ300100	2026-01-05	2026-09-03
SZ300104	2015-07-01	2018-01-01
SZ300113	2016-07-01	2022-02-06
SZ300114	2024-01-02	2025-03-02
SZ300115	2015-01-05	2024-01-01
SZ300115	2025-07-01	2026-09-03
SZ300116	2017-07-03	2019-01-01
SZ300118	2023-07-03	2025-06-30
SZ300122	2016-01-04	2016-06-30
SZ300122	2017-01-03	2026-09-03
SZ300124	2015-01-05	2026-09-03
SZ300133	2015-01-05	2022-06-30
SZ300134	2015-01-05	2021-08-01
SZ300136	2017-01-03	2026-09-03
SZ300140	2025-01-02	2026-09-03
SZ300142	2019-01-02	2026-09-03
SZ300144	2015-01-05	2026-09-03
SZ300146	2015-01-05	2019-06-30
SZ300146	2021-01-04	2026-09-03
SZ300147	2015-01-05	2018-07-01
SZ300156	2017-01-03	2018-01-01
SZ300156	2018-07-02	2019-06-30
SZ300159	2017-01-03	2020-06-30
SZ300166	2016-07-01	2023-04-02
SZ300168	2015-01-05	2015-06-30
SZ300168	2016-07-01	2018-01-01
SZ300168	2019-01-02	2023-07-02
SZ300180	2020-01-02	2022-02-06
SZ300182	2016-01-04	2017-07-02
SZ300182	2018-01-02	2024-01-01
SZ300197	2018-01-02	2021-01-03
SZ300199	2015-07-01	2020-06-30
SZ300202	2015-01-05	2019-06-30
SZ300207	2019-07-01	2022-02-06
SZ300207	2022-07-01	2026-09-03
SZ300212	2020-07-01	2026-01-04
SZ300223	2021-01-04	2026-09-03
SZ300244	2015-07-01	2024-06-30
SZ300251	2015-01-05	2021-01-03
SZ300251	2021-08-02	2026-09-03
SZ300253	2015-01-05	2021-01-03
SZ300253	2021-08-02	2025-01-01
SZ300257	2016-01-04	2024-06-30
SZ300266	2017-01-03	2020-01-01
SZ300267	2015-07-01	2016-06-30
SZ300271	2020-07-01	2022-06-30
SZ300273	2015-01-05	2019-01-01
SZ300274	2015-07-01	2026-09-03
SZ300285	2020-01-02	2026-09-03
SZ300287	2016-07-01	2020-01-01
SZ300291	2015-07-01	2019-06-30
SZ300296	2017-01-03	2018-01-01
SZ300296	2019-01-02	2025-01-01
SZ300297	2017-01-03	2020-06-30
SZ300308	2018-07-02	2020-06-30
SZ300308	2021-08-02	2026-09-03
SZ300315	2016-01-04	2022-06-30
SZ300316	2019-01-02	2026-09-03
SZ300324	2017-01-03	2021-08-01
SZ300339	2025-01-02	2026-09-03
SZ300346	2025-07-01	2026-09-03
SZ300347	2019-01-02	2019-06-30
SZ300347	2020-01-02	2026-06-30
SZ300357	2020-07-01	2025-01-01
SZ300363	2022-02-07	2024-06-30
SZ300373	2023-04-03	2026-09-03
SZ300376	2017-07-03	2023-07-02
SZ300383	2017-07-03	2020-06-30
SZ300383	2021-08-02	2026-09-03
SZ300390	2022-07-01	2026-09-03
SZ300394	2024-01-02	2026-09-03
SZ300395	2023-07-03	2026-09-03
SZ300408	2018-07-02	2026-09-03
SZ300413	2019-01-02	2026-09-03
SZ300418	2018-07-02	2026-09-03
SZ300432	2026-01-05	2026-09-03
SZ300433	2018-07-02	2026-09-03
SZ300438	2023-07-03	2025-01-01
SZ300442	2023-07-03	2024-01-01
SZ300442	2024-07-01	2026-09-03
SZ300450	2019-01-02	2020-01-01
SZ300450	2021-08-02	2026-09-03
SZ300454	2022-07-01	2025-01-01
SZ300454	2025-07-01	2026-09-03
SZ300458	2025-07-01	2026-09-03
SZ300459	2019-01-02	2021-08-01
SZ300463	2021-01-04	2023-07-02
SZ300474	2020-07-01	2026-09-03
SZ300475	2026-07-01	2026-09-03
SZ300476	2025-01-02	2026-09-03
SZ300482	2020-07-01	2024-01-01
SZ300487	2023-07-03	2026-09-03
SZ300496	2020-07-01	2021-08-01
SZ300496	2022-07-01	2026-09-03
SZ300498	2019-07-01	2026-09-03
SZ300502	2024-01-02	2026-09-03
SZ300529	2020-01-02	2020-06-30
SZ300529	2021-01-04	2026-06-30
SZ300548	2026-07-01	2026-09-03
SZ300558	2020-07-01	2021-01-03
SZ300558	2021-08-02	2026-09-03
SZ300567	2024-07-01	2026-09-03
SZ300568	2023-04-03	2025-01-01
SZ300570	2026-01-05	2026-09-03
SZ300573	2025-01-02	2026-01-04
SZ300595	2020-07-01	2026-01-04
SZ300601	2020-07-01	2026-06-30
SZ300604	2023-04-03	2026-09-03
SZ300618	2020-07-01	2024-01-01
SZ300620	2026-07-01	2026-09-03
SZ300623	2025-07-01	2026-09-03
SZ300627	2025-07-01	2026-09-03
SZ300628	2020-07-01	2026-09-03
SZ300630	2020-07-01	2023-07-02
SZ300661	2022-07-01	2026-09-03
SZ300666	2026-07-01	2026-09-03
SZ300676	2021-01-04	2026-09-03
SZ300677	2021-08-02	2026-09-03
SZ300679	2025-07-01	2026-09-03
SZ300682	2023-04-03	2025-01-01
SZ300699	2021-01-04	2026-09-03
SZ300718	2026-01-05	2026-09-03
SZ300724	2022-02-07	2026-09-03
SZ300735	2025-07-01	2026-09-03
SZ300741	2021-08-02	2024-01-01
SZ300748	2023-07-03	2026-09-03
SZ300750	2022-02-07	2026-09-03
SZ300751	2022-02-07	2026-09-03
SZ300757	2025-07-01	2026-09-03
SZ300759	2022-02-07	2026-09-03
SZ300760	2022-02-07	2026-09-03
SZ300763	2022-02-07	2026-09-03
SZ300765	2024-07-01	2026-01-04
SZ300769	2022-07-01	2024-01-01
SZ300776	2023-04-03	2025-01-01
SZ300782	2022-02-07	2026-06-30
SZ300803	2024-07-01	2026-09-03
SZ300832	2022-07-01	2024-01-01
SZ300832	2024-07-01	2026-09-03
SZ300850	2023-04-03	2024-06-30
SZ300857	2025-07-01	2026-09-03
SZ300861	2023-04-03	2025-01-01
SZ300866	2022-02-07	2025-06-30
SZ300866	2026-01-05	2026-09-03
SZ300869	2022-02-07	2023-07-02
SZ300888	2022-02-07	2026-09-03
SZ300896	2022-02-07	2026-09-03
SZ300919	2022-07-01	2026-09-03
SZ300953	2026-07-01	2026-09-03
SZ300957	2022-07-01	2026-09-03
SZ300972	2026-01-05	2026-09-03
SZ300979	2022-07-01	2026-06-30
SZ300999	2022-02-07	2026-09-03
SZ301029	2023-04-03	2025-01-01
SZ301165	2024-07-01	2026-01-04
SZ301165	2026-07-01	2026-09-03
SZ301200	2026-01-05	2026-09-03
SZ301236	2024-01-02	2026-09-03
SZ301267	2024-07-01	2026-01-04
SZ301269	2024-01-02	2026-09-03
SZ301301	2025-01-02	2026-09-03
SZ301308	2025-01-02	2026-09-03
SZ301358	2024-07-01	2026-09-03
SZ301377	2026-07-01	2026-09-03
SZ301498	2025-01-02	2026-09-03
SZ301526	2026-07-01	2026-09-03
SZ301536	2025-07-01	2026-09-03
SZ301606	2026-07-01	2026-09-03
SZ301611	2026-01-05	2026-09-03
